image,cell_type,model,n_mito,mean_area,median_area,std_area,mean_solidity,median_solidity,std_solidity,mean_extent,median_extent,std_extent,mean_major_axis,median_major_axis,std_major_axis,mean_minor_axis,median_minor_axis,std_minor_axis,mean_aspect_ratio,median_aspect_ratio,std_aspect_ratio,mean_thickness,median_thickness,std_thickness,mean_inertia_min,median_inertia_min,std_inertia_min,mean_inertia_mid,median_inertia_mid,std_inertia_mid,mean_inertia_max,median_inertia_max,std_inertia_max,mean_eccentricity,median_eccentricity,std_eccentricity,mean_perimeter,median_perimeter,std_perimeter,mean_form_factor,median_form_factor,std_form_factor,mean_roundness,median_roundness,std_roundness,mean_skel_length,median_skel_length,std_skel_length,mean_n_branch_points,median_n_branch_points,std_n_branch_points,mean_n_branches,median_n_branches,std_n_branches,mean_tortuosity,median_tortuosity,std_tortuosity,mean_total_branch_length,median_total_branch_length,std_total_branch_length,mean_mean_branch_length,median_mean_branch_length,std_mean_branch_length,mean_median_branch_length,median_median_branch_length,std_median_branch_length,mean_std_branch_length,median_std_branch_length,std_std_branch_length
Series005-_H20,HELA,physegt_clsm_p3,229.0,392.10917030567686,261.0,413.45376845486606,0.7327850344526041,0.7273706896551724,0.0887716887087635,0.4904019078201397,0.4949784791965567,0.1074522478494073,29.142111149694493,25.58611130835369,15.376882402038843,16.691169740030418,15.200318105904076,9.546423498347544,1.9100628435615477,1.6942316730127391,0.8049509670562843,2.3823257608694552,2.1206921073035225,1.008295510815759,23.10808430626933,14.440604407542205,26.805382485281356,67.856947166705,40.91556824271653,72.02608730983965,67.856947166705,40.91556824271653,72.02608730983965,0.7769489304955091,0.8072292385591374,0.1453534067091537,110.28402134138186,93.5035713374682,78.33096952070662,2.853185027006737,2.5837555065010047,1.3713631555120545,0.4860723866693425,0.4909362821515303,0.1649633602777843,64.00436681222708,48.0,53.67193714434153,2.393013100436681,2.0,1.8604465127766008,26.812227074235807,19.0,21.51417992475893,1.949177599318708,1.804012021541066,0.8318723659738785,161.45633175123655,116.0,131.6022120553959,6.304420737666086,5.931034482758621,5.064357887147783,5.622270615865357,5.0,5.117003065560186,1.5568982675375085,1.4374722712498649,0.7783802083201894
Series011-_H17,HELA,physegt_clsm_p3,178.0,386.30898876404495,192.5,489.0727181381796,0.7256011372585349,0.7280431432973806,0.0863046138218143,0.4983731121234625,0.5,0.0986493724613651,27.62868923219505,23.52664220992408,16.607246779185576,16.34569196072385,13.41552875640367,10.133570118430336,1.7827876472875566,1.6365627361331971,0.5597541573121741,2.2861761715976665,1.9882960079726604,1.080009746051373,23.116930563751037,11.248578525861674,29.71500556518509,64.94656964212378,34.59412956874003,84.77074511714318,64.94656964212378,34.59412956874003,84.77074511714318,0.7619499406242188,0.7916019082599945,0.1434506321495766,107.57179733558498,79.94722215136416,85.92339011524699,2.877511726785771,2.6201731341208307,1.4013384870875802,0.4970837929576261,0.4967943814794178,0.1569819560999286,62.331460674157306,40.5,59.71709727419104,2.3707865168539324,2.0,2.0926947439852754,25.915730337078653,17.5,23.23013056441228,1.9576458221601265,1.8339359740330208,0.8367524264963505,156.2714643182845,100.0,143.4526415481842,6.792007252181808,5.857142857142857,8.713159093460282,6.1282058913182,5.0,8.78414095093299,1.4706706027591243,1.3013968660408748,0.7813318916598255
Series016_H18,HELA,physegt_clsm_p3,152.0,498.6118421052632,212.5,712.9001466336579,0.7373430529711431,0.7433035714285714,0.0871869157014418,0.5057651423910553,0.5112058080808081,0.093121449537969,29.42030383523437,23.87167683990318,19.388405562527083,18.00985157528221,14.1840524853934,12.450401413052562,1.742218438910346,1.6738382611863685,0.4575372851600046,2.5344095084123293,2.033141465266897,1.402799381303305,29.96045306936476,12.574414533440669,42.26865820992662,77.5915342509086,35.62210189707859,121.18141798696388,77.5915342509086,35.62210189707859,121.18141798696388,0.769129061149685,0.8019211940267259,0.1295281047485035,116.09098968469053,84.18986283848344,101.7647353939118,2.7285161144151155,2.384319657821877,1.2400487507190263,0.5035425290140477,0.4890793691220354,0.1481791273598938,62.56578947368421,45.5,56.48971390446504,2.2171052631578947,1.0,2.157964937882493,24.00657894736842,17.0,22.2709087773733,1.90829361027536,1.7029756495187445,0.8358690090091379,149.3205303185466,102.0,134.95546450672234,9.891877005231809,5.977751196172249,17.444179928542674,9.248161897493956,5.0,17.591320154439078,1.483431720139237,1.5035039195699451,0.9022932720667468
Series027_H17,HELA,physegt_clsm_p3,95.0,468.6315789473685,276.0,587.7868043974981,0.7134703756018598,0.7232219365895458,0.0922122340281371,0.4891559442618022,0.48,0.1029016901248332,30.73016320374077,27.160078654837037,17.99057233010476,18.37379940380137,16.14259625808744,10.75107726489886,1.7865848676906364,1.6147758920239503,0.6113440790584722,2.4731854971066656,2.264162366707235,1.1467072216076444,28.3238854304348,16.28646337197616,33.57309376614841,79.25022645582965,46.10436703355839,102.0528418561658,79.25022645582965,46.10436703355839,102.0528418561658,0.7650246154997935,0.7851694501361405,0.1322642265214555,122.87388650630469,96.8111831820431,102.68204949246086,3.034787965658457,2.631604757622001,1.6273612638787136,0.4879853744839283,0.4744872173457521,0.1594142341466522,67.71578947368421,48.0,55.48990674611483,2.421052631578948,2.0,2.060040609555887,28.0,21.0,23.197549779868424,1.998427369046032,1.813513533627885,0.7559325279787978,169.74712066475357,122.0,138.6868881868256,7.901768218973677,5.92,13.23298503648148,7.231331191069372,5.0,13.33509375643713,1.5413708363141057,1.4981084481756568,0.7487624042588162
Series050-_H16,HELA,physegt_clsm_p3,184.0,726.3532608695652,307.5,1448.49488607636,0.7359072285273958,0.7502745541489779,0.0918485092483681,0.5131214617724403,0.5166557089634012,0.1002784350784032,34.17461139541647,27.370132436895645,23.08753860595203,20.88474303897571,16.25582112343148,16.45430340257492,1.8084448787636256,1.6442033189556475,0.6893908244116596,2.9582502952129297,2.3929493429001223,2.063601067492853,44.18228701675205,16.515734795113566,96.25807983025034,106.3086564318159,46.820804658358114,182.55644815156796,106.3086564318159,46.820804658358114,182.55644815156796,0.7564275976970741,0.7937805361343996,0.1598970527669258,138.9943566884191,100.7786976033153,136.61298363280233,2.933588920247104,2.545548397361381,1.3857191716642892,0.5086562774862126,0.5190209936884854,0.1658687584246587,69.96195652173913,55.0,51.61809663790257,2.277173913043478,2.0,1.795017455460093,25.89673913043478,22.0,20.408736146705905,2.002579269141642,1.8519046039344096,0.8152280250364212,164.03383305658252,128.5,121.9991981776141,12.160815256316075,6.065126050420168,23.97724081292276,11.474050447886851,5.0,24.15268453825478,1.6207606550806724,1.6086861328130406,0.8889380727455368
Series056_H15,HELA,physegt_clsm_p3,107.0,773.1308411214953,243.0,1860.6791096897236,0.7485370108540655,0.7576361221779548,0.080947717990554,0.5153582403886275,0.5113798008534851,0.0865363202726583,31.792299875771214,24.478202965799134,25.184815662798623,20.86985886776777,14.797636057860284,18.55694962579364,1.6333262699674411,1.5674632892691756,0.3982043836113969,2.8977072982200287,2.2678220926875694,2.147792981593922,48.74446178592426,13.68562705630543,112.91047322973432,102.81407946000684,37.44890127717861,225.8710716794028,102.81407946000684,37.44890127717861,225.8710716794028,0.7390979712387661,0.7700583396670055,0.1338302461502957,133.23784226139455,93.01219330881976,153.07750886682695,2.6915390122601,2.442754833549778,1.181067919773723,0.5393806609461825,0.5382759539428473,0.1451487308176642,62.78504672897196,45.0,49.65357146849817,2.0093457943925235,2.0,1.585538188665274,23.22429906542056,18.0,19.569816741922477,1.890301933492631,1.811149260929117,0.7453123413534213,147.2589484041391,110.0,117.2511951753947,12.315575431516466,5.942857142857143,25.54243861238122,11.637453077036264,5.0,25.71002140886423,1.5608850892895856,1.4336538361122284,1.025769770659545
Series061_H14,HELA,physegt_clsm_p3,117.0,626.7863247863248,187.0,1564.8356229944652,0.755618172125882,0.7777777777777778,0.089342691543371,0.5237118947060496,0.5285714285714286,0.0999380308638886,28.820186966628462,22.99176897195164,23.313311424888184,18.252755345887376,13.296241032559278,17.337572304485253,1.7245700563568185,1.5503484328314745,0.5713604902275645,2.656428975064076,2.131325939362433,2.049511460853603,39.60965569562964,11.049376599744564,106.4939150850906,85.88210414907769,33.03884002872487,182.3499887429144,85.88210414907769,33.03884002872487,182.3499887429144,0.7472636282466062,0.7641688170392757,0.1438845039106407,115.73064549082844,76.84062043356595,134.9432747509857,2.5834775370808694,2.239579257095813,1.2261419775247824,0.5369985918669066,0.5478857933925008,0.164724900675179,53.58119658119658,40.0,47.58765898273504,1.8376068376068373,1.0,1.6638810821929984,20.33333333333333,16.0,18.98807543030648,1.78700856643333,1.7094211096069822,0.7125092086709864,127.19677105673964,99.0,112.41556614213654,11.87880686152435,5.909090909090909,24.19059887152832,11.252326612295194,5.0,24.34577258850844,1.3162513370008029,1.2570787221094175,0.7252782150476736
Series066_H13,HELA,physegt_clsm_p3,327.0,361.1,163.5,689.2834564483129,0.720319234811671,0.7255136986301369,0.0928963214698787,0.485541544613997,0.4844877344877345,0.102318562968212,25.96680058365621,22.16162027384688,16.079954858462017,15.383555908718987,12.879823385493497,11.11940715781514,1.9317264454420944,1.6906130322943058,0.8123338652016661,2.173978829065048,1.7898841536588364,1.2355238468014071,22.518437996122096,10.368141050273614,41.48350021305931,58.30248005009654,30.696102157295705,99.05318211072417,58.30248005009654,30.696102157295705,99.05318211072417,0.7713022148397648,0.806303825959878,0.1558028558658873,97.28807050419886,74.46194077712559,83.38024491101406,2.74349000095755,2.460263135507933,1.3758828745995628,0.4770709817098785,0.4687638962388103,0.1756271365669626,51.56333333333333,36.0,43.55088199132392,1.8866666666666667,1.0,1.5320429352846334,20.95,15.5,18.08979915127123,1.793250733438465,1.623177972550103,0.7668504264799031,127.60771724418956,93.5,108.3905965559236,7.728243574130794,5.933760683760684,12.630591641453226,7.092717244189541,5.0,12.720460583223216,1.4642105341606817,1.3360670594161397,0.7957820072533957
Series073_H12,HELA,physegt_clsm_p3,129.0,801.4186046511628,218.0,2241.43966643283,0.7062881108202349,0.717366628830874,0.1010184637793794,0.4820918893385811,0.4888888888888889,0.1032167837804941,31.73537231735,24.417186037948024,28.91521545179373,19.975040056039045,14.161790600303352,19.753801272891973,1.7737765762259543,1.6364510347686063,0.6095987305822617,2.700405932098082,1.9754262531445224,2.3942652834349167,49.32593062307957,12.534769562927522,133.40297373993866,115.20147129652976,37.26243587573525,300.7870249670683,115.20147129652976,37.26243587573525,300.7870249670683,0.7512964678323084,0.791570021815463,0.1538559916061774,138.0188005717661,91.8111831820431,179.39662417959914,3.043481690431816,2.87563508857599,1.63855689038139,0.4941206540532244,0.502298943721722,0.1694364540320935,65.68217054263566,47.0,58.26589472677821,2.232558139534884,2.0,2.2011682166380706,23.8062015503876,17.0,21.959468484333044,1.9845077173534509,1.792703363715859,0.8695935374334396,151.43989460331372,113.0,131.94687718298977,13.265065711991722,5.944444444444445,29.632420274255185,12.649196928895137,5.0,29.785773642201196,1.4351350991378684,1.380316426584861,0.8136525808867123
Series080_H11,HELA,physegt_clsm_p3,331.0,396.11,228.0,461.5986112414118,0.7245208317681323,0.7300444477839687,0.0919564268830351,0.4937268211055996,0.4971620144069977,0.1001321974490739,27.987567957822844,24.556245053633297,15.250756328103693,16.8120056268025,15.037471930783733,10.43194871075714,1.862954467119697,1.64230275523163,0.7450719511331029,2.3205545004728525,1.9956260879417496,1.1154378172187422,24.46681794371915,14.132988825164468,30.251454055670905,63.49309554830917,37.68807678394889,69.66949601345536,63.49309554830917,37.68807678394889,69.66949601345536,0.7652420110226508,0.7932450416256838,0.1465408634935863,110.65184634496872,88.5685424949238,82.50427146636038,2.9588055797405204,2.6069414370627837,1.5204439181618172,0.4945771201267598,0.4995378513165085,0.1725621042752002,66.98,46.5,61.09113083473465,2.4166666666666665,2.0,2.1392496088322392,27.21333333333333,19.5,23.54147734437148,2.068111726257222,1.8767933697196888,0.9641098985615056,165.9112313947341,119.0,145.9671026852079,6.820605934423504,6.0,7.034502253994124,6.091231394734105,5.0,7.121704102729316,1.6265664883839277,1.5168313397644584,0.8547419195091235
Series086_H10,HELA,physegt_clsm_p3,162.0,313.4382716049383,199.0,338.6955904344323,0.7353615390500696,0.742806822395254,0.0823899208421963,0.5019435198670275,0.5024582457220028,0.0938137951096124,25.66842799172161,22.250598964516755,13.471904991760578,14.972898660746669,14.242728326700789,8.164798220210418,1.837288245152112,1.6793516287194148,0.6028480249050057,2.209727977848509,2.082101582701153,0.8916224559343098,18.17822651760878,12.678549323216048,19.613045846362,52.52252622957631,30.94957487236749,58.69118980509818,52.52252622957631,30.94957487236749,58.69118980509818,0.7765903816534058,0.8033623076028424,0.1371011177539308,94.91464304237928,82.32590180780451,66.87595224520446,2.6405943371628062,2.3801692595817,1.2177416057676098,0.4924490680460604,0.4900426371497692,0.1588680204643344,54.141975308641975,40.0,45.70988321204343,2.04320987654321,1.0,1.6493499109622989,22.3641975308642,17.0,18.314723272645267,1.8623545047671723,1.755048786430853,0.7369435529935322,135.16201453631402,101.0,111.71377418091478,6.4299773404288505,5.927700348432056,5.835201685943861,5.745347869647351,5.0,5.890338335657333,1.5261022914967302,1.4604179404773077,0.8276793329725516
Series089_H9,HELA,physegt_clsm_p3,331.0,354.30333333333334,181.5,449.8875170405252,0.7041088330642631,0.707857495380307,0.0933443571319851,0.4672042390451501,0.4672121356903965,0.105204905318761,27.50461313694765,24.224384971280635,14.48079530309312,15.7432489418034,12.892290651368569,10.384145027148096,2.033593584515807,1.8233406794418947,0.855358510625171,2.1660919991124987,1.8258966217621453,1.006572755128742,22.2300221992774,10.388212970844382,31.27005829290957,60.38732352645231,36.676352768055,66.70207537122052,60.38732352645231,36.676352768055,66.70207537122052,0.7920516195390208,0.836185025746165,0.144902588895823,104.68820060721558,80.80813485483816,81.0838108739867,2.959438077098661,2.623685304497388,1.4058901679349995,0.4476803816672471,0.4240233763647368,0.1721837101223363,60.4,41.5,56.89756878227165,2.293333333333333,2.0,1.9443822212266348,25.43,18.0,22.705765053542383,1.8793202427398927,1.6679755810876633,0.8684947238046412,152.73545955399513,105.0,139.5805680097007,6.209725140464832,5.923076923076923,4.786075816865726,5.557126220661784,5.0,4.825773089885673,1.428342465177052,1.332538067273596,0.7330404532098087
Series090_H8,HELA,physegt_clsm_p3,301.0,350.92,167.5,476.80941014203984,0.6972197670016462,0.7020253682487725,0.1013035837194036,0.4860406614079634,0.4844732142857143,0.0981540712619341,25.706738602417214,21.89000556102644,14.984525140666374,16.058329338394795,12.770513087624831,10.292810438542896,1.7097600067208774,1.563744582493183,0.5101793377584685,2.121043874186625,1.6433837243852938,1.1220168997787845,22.73824299150803,10.192980678423458,29.90560919981556,55.33577520401688,29.94829600524818,68.50986104686928,55.33577520401688,29.94829600524818,68.50986104686928,0.7510015176994645,0.7687985868747167,0.1408260710477062,105.57763507287238,79.06549416771887,84.47753730112883,3.17072848781945,2.6818253348618777,1.7974174762990036,0.4940719012055399,0.4795450038315327,0.1569584272920177,59.92333333333333,41.0,53.06672644468996,2.36,2.0,1.9791580701567693,24.69333333333333,17.0,21.757587693083583,2.062096465483972,1.844227720621555,0.8781897392879678,149.0123518523489,101.5,131.32779565519272,7.327706201662166,5.9,9.965377499606186,6.67401851901556,5.0,10.05994829483635,1.4175175905418156,1.3887324336486886,0.7334002164154932
Series093_H7,HELA,physegt_clsm_p3,114.0,450.62280701754383,262.5,572.399112237577,0.7215012068576923,0.7267057166117196,0.0846921247546276,0.4846980667417862,0.4756849430762474,0.0928699409844245,30.74297765210254,26.77201598588276,17.45662778321902,17.67946035406957,16.54907160919672,10.0486390493237,1.8663553918895104,1.7351187503688386,0.5497460516688267,2.474067263646738,2.1936782160238275,1.1516360846376263,25.846154072169423,17.11714543314502,28.97207735943209,78.11653302997065,44.79630516718149,110.60182555986697,78.11653302997065,44.79630516718149,110.60182555986697,0.7926361376267015,0.8172160951742249,0.1198832217953475,119.16381916899483,94.20762979144982,86.90840444767649,3.0251874554069422,2.745478912726325,1.4544777856895734,0.4706051175617355,0.4499822889731573,0.1449571837951733,68.86842105263158,50.5,55.54854257059722,2.5964912280701755,2.0,2.0378837416937934,28.535087719298247,21.0,22.251031840675648,2.0236505299737124,1.8845406828725288,0.776962067270487,172.34649636714735,128.5,134.73798638842229,7.055251870252919,5.935416666666667,11.10392747598404,6.337724437322791,5.0,11.174228647721446,1.6251059636328573,1.4892093090569642,0.8854902534572388
Series095_H6,HELA,physegt_clsm_p3,482.0,222.16333333333333,154.0,216.337722066423,0.6942552657840405,0.6917420814479638,0.0883496393657506,0.460714685172556,0.459766421868625,0.0932933872593635,23.81341448061671,22.535105508712668,11.049841714446774,13.207741795478292,12.105184225391522,7.289183301601051,1.9856292819518533,1.8056647668816928,0.7870663458071729,1.814934476303796,1.6856717771729022,0.5628982293140176,14.223539783772734,9.158477582693749,16.91582237697241,43.07360694624835,31.74013640415975,39.207765807280296,43.07360694624835,31.74013640415975,39.207765807280296,0.7909210209930925,0.8326409962563447,0.1497586119700678,88.03844845571632,73.49747468305833,59.6297976526178,3.0405430064313963,2.771427814526054,1.5495040226588754,0.4412564944525473,0.4207972242774018,0.1554858733928794,49.016666666666666,36.5,40.64205197684892,1.9666666666666663,1.0,1.6244657241348277,21.09,17.0,16.62413606777808,1.845682069351288,1.6750870413692016,0.7823134419977489,125.31666666666666,99.0,100.41780912213176,5.9366905411343005,5.8619047619047615,0.4338421521119718,5.315,5.0,0.5597097462078001,1.4086629131684545,1.3364329339297143,0.6445716133108316
Series099_H5,HELA,physegt_clsm_p3,198.0,321.520202020202,244.0,284.45323610616964,0.7257657835583474,0.7285741391630873,0.087255453000097,0.4986614009149156,0.4965013308763308,0.0983172386725596,27.084598084178744,25.85863761823859,12.495272308795537,15.98292712115028,14.98297999154414,7.898829795195569,1.8134888427182057,1.6460213085573805,0.6544485430191822,2.1924460242930683,2.1459123324332565,0.7236441062555524,19.8653419683419,14.03062943136286,18.77635331243332,55.606705215778206,41.79216866277242,50.55180343184396,55.606705215778206,41.79216866277242,50.55180343184396,0.764995849743441,0.7943000477739216,0.1387172075620971,102.8373198985801,88.90001794687493,62.49750278197194,2.9030319998687792,2.768745347334212,1.2316508915826774,0.4937243576231347,0.4994865903100022,0.1585577034443255,59.57070707070707,47.0,46.58350328483174,2.303030303030303,2.0,1.7463066102089588,24.93434343434344,21.0,18.876813106395105,1.965578745715485,1.8886179403219656,0.7790606086194113,149.94154160581311,123.5,114.95216146252186,5.9980538233334615,5.930952380952381,0.484711096229081,5.300127464398975,5.0,0.570958051544351,1.540380585594323,1.4851359146187595,0.7024409617236695
Series102-_H4,HELA,physegt_clsm_p3,246.0,255.35365853658536,166.5,253.6636611231889,0.696729270365301,0.7080535902453711,0.0963039045504193,0.4597760850429545,0.4615732054756445,0.1031441205227627,25.98478161052537,23.855903492300943,12.374879244644555,13.53098709708778,12.094054836464146,7.149162197109548,2.1369289546832047,1.856183967970839,0.9216547217343036,1.940227672862307,1.767581355821796,0.680759446189233,14.63738324638351,9.141643648878071,15.127921190495174,51.77165697913952,35.56927860491399,53.082513006339575,51.77165697913952,35.56927860491399,53.082513006339575,0.8136844461477303,0.8424667805340975,0.1320982986797667,91.27786202141942,74.56549416771887,59.93057816626282,2.9238261863214183,2.6926225078112047,1.321020014975521,0.4205018118248064,0.4129424943857162,0.1605688375117593,50.22357723577236,36.0,40.84984915298061,1.951219512195122,1.5,1.494454021284394,21.617886178861788,16.5,17.01267835468751,1.757745344017841,1.5501775547980752,0.7230360345564453,128.754304967233,92.0,102.64751085051638,5.9699961884223285,5.925824175824176,0.4645551600730803,5.337638300566343,5.0,0.5296823657579187,1.427802890193664,1.3703450680025189,0.6599257136066887
Series103_H3,HELA,physegt_clsm_p3,290.0,201.2344827586207,146.5,178.56012273637418,0.7060956359334704,0.7106511627906977,0.098569864599125,0.4696456898475794,0.4673486786018755,0.0966070548434845,23.25449829624868,21.79699735354938,10.884128424697815,12.651699758112038,11.411641394074282,6.72371235311972,2.021056175722202,1.745442405795533,0.8585450549765968,1.8147632248731984,1.7407242636447822,0.4792988201707426,12.829613411056684,8.14089268420707,14.06720294317522,41.20224641097173,29.69435038368695,38.99044987872438,41.20224641097173,29.69435038368695,38.99044987872438,0.7952884963550924,0.8196107830140058,0.1376058877124814,79.71395027197526,67.28731957466684,52.065757663029125,2.7130332745597845,2.381360649385414,1.34568326364703,0.4406080105809031,0.4406919148078407,0.1587037436506753,40.265517241379314,31.5,30.752883530201142,1.6310344827586207,1.0,1.2778223524137386,17.724137931034484,14.0,13.762258615062848,1.5800096823332002,1.433071378982199,0.6156487596409148,104.48275862068964,84.0,80.61599939160499,5.934452301061109,5.884033613445379,0.5203800742616301,5.370689655172414,5.0,0.6267069437474428,1.3251147152735048,1.2295324040936142,0.7089903105747428
Series107_H2,HELA,physegt_clsm_p3,192.0,329.7291666666667,239.5,338.89331160308484,0.7294020044640085,0.7298744216787838,0.086784009533939,0.5099884494852412,0.5143518518518518,0.0958932830356285,26.58835560419779,24.2057964782863,12.459281735065678,16.036279140581893,14.576901474682494,8.611908812839118,1.798642106068704,1.629932183494501,0.6270802691592494,2.2208717040585824,2.113112984475701,0.8233137110390167,20.70795137970738,13.280529977393613,24.55358029386664,53.88589719306358,36.62041852969239,52.12191511214865,53.88589719306358,36.62041852969239,52.12191511214865,0.7681500859621102,0.789664371729691,0.1301954162442473,103.04670768750158,88.79036790187178,69.51512983834938,2.901957343156458,2.465317394906247,1.376931909838662,0.4968965403497956,0.5134138587440943,0.1489261983197635,57.90104166666666,46.0,46.45860163179255,2.25,2.0,1.7440374613713625,24.09895833333333,20.0,18.389750286004357,1.96636015846404,1.8028378740144932,0.7857335853136133,145.0726062182833,117.0,112.42966617067616,6.269591076499296,5.926654740608229,4.274751038231333,5.57260621828332,5.0,4.328261215630266,1.5341875397952467,1.4168444407015408,0.762686809777374
Series109_H1,HELA,physegt_clsm_p3,446.0,195.4333333333333,140.0,183.8754258247203,0.6936905216277686,0.7024788454343551,0.1007050790125291,0.4639827391879625,0.4741586538461538,0.1095398374167621,22.84599425161065,21.663752314805976,10.603326103514876,12.283454867248109,11.036200647183431,6.660023419757154,2.0487958213785404,1.8274956079325928,0.8060741040414476,1.763509576912427,1.6560224957463163,0.523355436577631,12.202448464214692,7.612394154013115,13.640375373223556,39.64812361263169,29.33264699557773,36.65648298434504,39.64812361263169,29.33264699557773,36.65648298434504,0.8096236175875506,0.8370031672644334,0.1256508041209584,79.35619618031974,68.47970773009196,53.07640144705741,2.812196511358545,2.550784148396016,1.3961766295991156,0.4257270575571341,0.4076089005603454,0.1582943204645501,42.16666666666666,33.0,32.955508728519966,1.6766666666666667,1.0,1.2801519007090092,18.296666666666667,15.0,13.960252703857316,1.6623640020137933,1.5566071435409958,0.6620622520154819,108.44659280122757,86.0,83.4951198222554,5.914758042638827,5.8603896103896105,0.4656937963710927,5.354926134560894,5.0,0.548443635614024,1.3233524578728366,1.2066758241067097,0.6617498633141796
Series022-_B1,BXPC3,physegt_clsm_p3,152.0,336.0328947368421,267.5,292.4424238826462,0.7489772876645503,0.7555908662900188,0.0697647893410329,0.5150118358169665,0.5162586455689904,0.0872473588202103,27.65553222375194,26.50584108897316,12.035905786312068,16.24271447003013,15.057834395783493,7.8531961320321635,1.830718388712414,1.5704396379068253,0.7177836419633403,2.316759983233537,2.2611190026818875,0.6771595779984305,20.3436539276932,14.17117534071675,21.28614259827147,56.85571816724764,43.90997608228327,49.30904958039756,56.85571816724764,43.90997608228327,49.30904958039756,0.7584581306661967,0.771039431728353,0.1467402307418562,102.8722593936512,91.58935777509512,59.00526176219792,2.733199511279038,2.471442019651845,1.0695717598304266,0.5140516472906875,0.5146981002797575,0.1599888354163354,59.38815789473684,48.5,44.084555318833374,2.263157894736842,2.0,1.6532935315257968,25.00657894736842,20.0,17.94600699999215,1.9714537126153449,1.8022687913408384,0.7270032526748094,150.13434496504024,124.5,108.97970935208384,6.011136727608458,5.960606060606061,0.5406205607993987,5.272502859777065,5.0,0.5910178846771329,1.5604135480010095,1.5265834860075151,0.7136286539767628
Series025_B2,BXPC3,physegt_clsm_p3,180.0,320.52222222222224,242.5,266.9317527333231,0.7409052936694555,0.7475580844001897,0.0844847930575096,0.5042655954952888,0.5078144078144078,0.0982178571387469,27.195194489249783,25.121613623203377,12.115650301864507,15.691412299565984,15.019875546182764,6.932588312570411,1.850224522046312,1.6607853779408557,0.6903211843956474,2.292903764448984,2.1739274310820864,0.7620083885264063,18.3925750416599,14.099797950812013,15.537974142855864,55.39797409657449,39.443642516104745,50.63890594525787,55.39797409657449,39.443642516104745,50.63890594525787,0.7722137267090411,0.7983913807466221,0.1357084523084355,99.97375652737728,87.20762979144982,55.97204104932654,2.757913187760554,2.582004421676064,1.1289576957212122,0.5035410748359993,0.4883943277415967,0.1646776582804918,58.57222222222222,45.0,42.47862607052524,2.1444444444444444,2.0,1.5352242768556368,25.022222222222226,20.0,17.58154194841711,1.961626056131468,1.8647968968246231,0.7049728441296148,149.83333333333334,119.5,106.50965005836586,5.977020582982621,5.923076923076923,0.3785749542751957,5.247222222222222,5.0,0.4549029878941902,1.5908589133276618,1.5341993613333365,0.6164049387973707
Series036_B3,BXPC3,physegt_clsm_p3,109.0,459.29357798165137,368.0,440.42757170965166,0.7352530276257234,0.7441860465116279,0.0861449743354703,0.5085758632559574,0.5102040816326531,0.0974532892582516,30.628632585214568,30.178427294245488,14.08063939975983,18.8626027917359,18.009521203714286,9.244840446985393,1.7084189863493324,1.599099486537191,0.5048403150645202,2.649970806638584,2.4597109468391687,1.0699398612327626,27.579053685563757,20.271428374189657,28.010454856138537,71.0235962466335,56.92109212212881,63.926643001260665,71.0235962466335,56.92109212212881,63.926643001260665,0.7449829371863694,0.7803428250904848,0.1495754258614699,121.5724882136304,114.81727983645295,73.4062324296258,2.944206914333308,2.5856734413984714,1.3405711007418624,0.530738806549696,0.5201640619131263,0.1647634213911912,75.0091743119266,64.0,51.55979790368362,2.697247706422018,2.0,1.8794132753980544,30.412844036697248,26.0,20.317304510039143,2.264470764730368,2.230064634753659,0.8226064387397479,185.6110770879896,156.0,124.16334142958716,7.300942937276953,6.0,9.269077834281417,6.5422697485400345,5.0,9.37237005042458,1.724141961936712,1.6754868653103985,0.7573997985491807
Series074_B5,BXPC3,physegt_clsm_p3,143.0,317.3636363636364,213.0,351.8387175300785,0.7236216677302156,0.7268408551068883,0.0788059360166262,0.499847597358837,0.501010101010101,0.0816037329731445,25.01144464083396,22.09341063577342,12.799410431693136,15.853037197762829,14.07890407867796,8.707607845751875,1.6453973826616333,1.601926544348022,0.4352527729646552,2.1669728860277977,2.026236716301925,0.8081800719451867,20.44632642431572,12.38847125353843,24.77510114901334,49.33732940127732,30.507424595056627,53.04958365187227,49.33732940127732,30.507424595056627,53.04958365187227,0.7346890950628833,0.781225959107027,0.1469209323213292,99.2430760271005,75.84062043356595,69.69347806740623,2.7953067347773675,2.5115644588677464,1.2698350688779398,0.5306277897628785,0.5082882641042707,0.1453228423327537,59.11188811188811,41.0,50.90538390407293,2.2587412587412588,2.0,1.891139763312493,24.433566433566437,19.0,19.23704157087136,2.095402064990425,1.8772754397018083,0.8419226165595078,147.60350365229812,108.0,119.47844884138472,6.434354591328827,5.930232558139535,5.87730187843854,5.743363792158248,5.0,5.936620643426697,1.5385535855965065,1.4865653511399617,0.7382225797724785
Series077_B6,BXPC3,physegt_clsm_p3,110.0,444.7909090909091,263.5,467.8632880243883,0.7482374107303411,0.7632284382284382,0.0839151204704012,0.5119203414532764,0.5219337114498406,0.0934468235095461,29.212686883778908,26.406788811243597,15.322321269008242,17.92844456064119,14.39271648515328,11.002195860622082,1.762617925802597,1.587849390233325,0.5786493945298901,2.523487373833671,2.184234155850734,1.1725894628524398,27.65483988246715,12.94728862356864,32.46054950725829,68.00966275252564,43.58241371600231,63.62773459812124,68.00966275252564,43.58241371600231,63.62773459812124,0.7573280777023881,0.7767707847508507,0.1399671843197702,113.39678922332423,98.1218433538229,79.65197895916123,2.73105166518174,2.545935938796177,1.2412376718599536,0.5214182228184416,0.5308133619369473,0.162409003818537,68.81818181818181,46.5,59.769737222136975,2.536363636363636,2.0,2.139147122856009,28.527272727272727,20.5,23.40035317950607,2.037590154739641,1.894354820500316,0.8905756634570932,172.51973564001875,119.5,144.40602080161705,6.477488269397846,5.946798493408663,5.436815113075757,5.774281094564204,5.0,5.508858782161064,1.589404586571155,1.5944100770912333,0.8179671132714431
Series015_M1,MCF7,physegt_clsm_p3,72.0,447.77777777777777,353.0,340.1320912618697,0.750661682332553,0.7481092480624987,0.0795433000936833,0.5259862613082247,0.5345893141945773,0.097704177132862,31.47702566629924,30.78348772131569,12.518115346428806,18.743361125557765,17.996444900573664,7.696084889507392,1.7590619184041814,1.6171226811830623,0.5241426440244428,2.6862382930674684,2.516621177856488,0.9894286226737362,25.658956806848376,20.25652220631749,19.74355985686225,71.71914728895983,59.2327131869354,55.9787257011619,71.71914728895983,59.2327131869354,55.9787257011619,0.7565265873584148,0.7857776880233587,0.1493857358655316,118.46878747789536,110.8644840409422,55.398914612756926,2.832974035865059,2.6577355629412365,0.959834367188768,0.5248606515423789,0.5237403894416608,0.162356108242348,75.69444444444444,61.0,46.56883760415831,2.6944444444444446,2.0,1.468548876431811,31.33333333333333,27.0,18.28098587178614,2.2467549106000493,2.183094572655049,0.7034107069559523,189.875,161.5,112.84526494029087,6.01552288925933,6.0,0.4110510364573716,5.159722222222222,5.0,0.3893226747336049,1.818618516404027,1.7224776163420528,0.7796881391223307
Series017_M1,MCF7,physegt_clsm_p3,136.0,421.375,322.0,365.012851052978,0.7520810114147745,0.76710354059103,0.0736640898976499,0.5260961505365933,0.5234910836762688,0.0899156275874637,29.674525983553597,27.87323077556532,13.915072516039409,17.853247418043384,16.9442982966036,8.51629883545598,1.7462937641169398,1.5685822460738286,0.6008131821458119,2.579481872283013,2.4201190397497347,0.9629120261376912,24.45411182654136,17.94513749024773,22.977608585755025,67.13792096720204,48.557338723360594,61.22792191428248,67.13792096720204,48.557338723360594,61.22792191428248,0.7476037357043217,0.7704331529229457,0.148991758360606,114.05370740603972,103.59240610230005,66.30660056691696,2.756393029102055,2.64415067530115,1.0954562359793818,0.5377793022113895,0.545569587385105,0.1627794775627432,74.88235294117646,61.5,56.48373774599009,2.6323529411764706,2.0,1.9845314439189703,31.073529411764707,28.0,21.24321080228484,2.2573162526792694,2.2355851098621216,0.8214594249564925,188.33896168627035,160.0,132.83655425427256,6.016883876208067,5.955533596837944,0.4462317911424657,5.232344039211536,5.0,0.5109874018614534,1.7069542146421262,1.6189809559793726,0.8418278761116683
Series021_M3,MCF7,physegt_clsm_p3,158.0,411.2151898734177,263.0,375.34993532233744,0.7378180377397245,0.7464406840490247,0.0737642486260928,0.5073167228425636,0.5069858130999435,0.0913393158282584,29.33536220652672,25.05624618114861,14.043912751678167,17.95179126618163,15.813151735833063,8.717761157875692,1.712734452241757,1.545780201212407,0.5524628153918112,2.495830108340951,2.3149658150118846,0.94091935750628,24.891635579395068,15.628486228940664,24.00082700540728,66.11218507280407,39.23848018011565,65.90383699733825,66.11218507280407,39.23848018011565,65.90383699733825,0.7503104771480875,0.7625427897744985,0.1314898240700306,116.47458823084976,95.79341622907673,69.57657998601285,2.9656031387086768,2.662509491767984,1.2743419402641387,0.5283594031465476,0.5304824528604131,0.1457917137356725,73.31645569620254,55.0,54.996672926710126,2.7848101265822787,2.0,1.985204042543326,29.89873417721519,21.0,21.80819433538331,2.2510557004095872,2.1157417921253154,0.8783674702933747,181.5421170607144,127.0,133.7962251871349,6.047972248970813,6.0,0.4426176673136405,5.22882592147385,5.0,0.465345046184664,1.7208478130918312,1.7317756878303971,0.756311560616867
Series024_M4,MCF7,physegt_clsm_p3,148.0,408.8581081081081,281.5,344.417467659312,0.7280048992304227,0.741421362489487,0.0809124548876304,0.510147015720159,0.5074000000000001,0.0875866152660136,29.440511685484665,27.55195129668532,12.752081479444664,18.26755714392329,16.553892035580834,8.370640058481582,1.685733911179338,1.5315506631986011,0.4901932517505584,2.435198278908615,2.369410973612939,0.86784547173861,25.23570368719747,17.12698639183101,23.13632895835711,64.33495689759718,47.44586346233866,53.32459016972124,64.33495689759718,47.44586346233866,53.32459016972124,0.7467163778059369,0.7574012683677928,0.1342874535246601,119.91070101945088,100.67514421272202,71.30494064932236,3.115076577571036,2.761822993397794,1.3553715673184876,0.5215011726916569,0.5247893693978,0.1390782966807602,77.75675675675676,60.5,58.56465837946119,2.831081081081081,2.0,2.141572147674724,32.729729729729726,26.0,23.63248868715641,2.3803345889820404,2.247267288799049,0.8624275515167037,197.0810810810811,153.5,143.96248166991631,6.001701560232465,6.0,0.3520269636271516,5.1891891891891895,5.0,0.3873219094045003,1.7137269905701684,1.6104593383077053,0.6707409987367565
Series026_M5,MCF7,physegt_clsm_p3,181.0,345.6795580110497,236.0,351.2814537488009,0.7616163032115525,0.7741116751269036,0.0783886221853614,0.5358972299331991,0.5441176470588235,0.0904447376403757,26.297587256030187,24.12239806819404,13.658437728901443,16.133749441884856,15.33792792640068,7.709905634565215,1.6666304833951509,1.507210051944593,0.5130125947798663,2.42715022759398,2.25296772216937,0.8663864009037321,19.98378224671378,14.703252067216368,21.013084780749768,54.88225104267499,36.36813053502572,59.178897479524245,54.88225104267499,36.36813053502572,59.178897479524245,0.7307021240751241,0.7481962104600766,0.1491504922591358,98.2873770402075,83.53300858899107,64.77614914547095,2.519782955511693,2.183504614822521,1.138884551124021,0.5616281729411781,0.5677802294363059,0.1567773936326963,59.13259668508287,48.0,45.677515878089714,2.0828729281767955,2.0,1.504609686868858,24.243093922651934,19.0,18.404194793789625,2.041718142334558,1.9528705544607423,0.7352045473445968,147.52385740989547,116.0,112.37742016588948,6.4278957079216985,6.0,5.048692478067121,5.645404371221444,5.0,5.108788045172116,1.676665148051932,1.5863278306072708,0.8334742687820347
Series038-M6,MCF7,physegt_clsm_p3,138.0,385.2391304347826,289.5,335.179436139567,0.739688134671015,0.7498733535967579,0.0838367248260327,0.5084403411112294,0.5138727231887609,0.091877843533352,28.653461050109637,26.84449527012532,12.7992478101393,17.632222864440358,16.450195063194073,8.043294439628532,1.6997644290922018,1.5082952150213376,0.5322206236205664,2.47388324592006,2.3429372350823767,0.8222105466891572,23.474366786490798,16.913341245790257,22.126862667540408,61.55259841596912,45.04083272505288,54.28147386929369,61.55259841596912,45.04083272505288,54.28147386929369,0.7372739224472183,0.7485975632822074,0.1501301882638696,110.6089208932046,100.29646455628163,64.59510634443862,2.820066010552853,2.58165273903,1.1386085914972723,0.5345615650605,0.5454269965879526,0.1592453328615655,67.39855072463769,55.0,51.273144629703,2.4927536231884058,2.0,1.9044051785862173,28.318840579710145,23.0,19.509932627241763,2.130179390273162,2.0635489570463497,0.792663291783958,170.55072463768116,142.5,121.35945365824834,5.974884583792197,5.967592592592593,0.3304892903843928,5.192028985507246,5.0,0.4007351205484737,1.6894541415725044,1.6620536092571163,0.636211618002872
Series040_M7,MCF7,physegt_clsm_p3,234.0,443.94444444444446,270.0,490.10716723500246,0.711631481423477,0.7141110723017814,0.0882758624504472,0.4964666281224119,0.4872872225813402,0.0928634551044654,29.095927744068348,26.92738206861481,14.785719016115737,18.62123847672108,16.260409136775564,10.65006004938494,1.6521337624004846,1.5650230058169936,0.4383107448635683,2.410317711389973,2.1816548989664937,1.064502279314618,28.760893841401423,16.525183938808063,34.31314126416758,66.57440613197329,45.317822994308194,67.39438970778244,66.57440613197329,45.317822994308194,67.39438970778244,0.738511800230612,0.7692246692073923,0.1401489817528379,126.22396173238688,101.38225099390856,91.09754737227745,3.320254718145354,2.9189490431269167,1.774465081384184,0.5247362960758571,0.5194375486773616,0.1499178486749637,80.9957264957265,58.0,68.61421309136627,2.9786324786324787,2.0,2.464182014722164,32.547008547008545,24.0,25.862223953158896,2.442145443609101,2.196450464500198,1.100545431592266,198.94697300876507,137.0,161.2263198173716,7.130013732887225,5.980196078431373,8.824126580645789,6.365776427568493,5.0,8.924414757950213,1.642792844880665,1.6112874105738149,0.7903747593851226
Series042_M8,MCF7,physegt_clsm_p3,218.0,420.6467889908257,305.5,451.2456551558462,0.7334984128138775,0.7422719814435299,0.0758070812212733,0.5008654206166084,0.5063698556345615,0.0813354462710296,29.805288976411088,27.716811417782367,13.636150030387151,17.937079359102338,16.744933573839226,9.031048004219,1.7585086876503415,1.5904780203915991,0.5845082824475831,2.496615735047651,2.3684588237905717,1.040061602083235,25.206165249327693,17.52460395794256,31.63481200598985,67.1437399136625,48.01385420511153,64.98332336117815,67.1437399136625,48.01385420511153,64.98332336117815,0.7587524902514985,0.7776133380738439,0.1410974263976903,116.39573129349743,104.02133829043456,67.4326525688756,2.9649112213059428,2.803803596455685,1.1234959947518692,0.5121385738926171,0.5147375345920958,0.146936568246178,70.90825688073394,61.0,48.07344176760755,2.541284403669725,2.0,1.6838799129737212,29.40366972477064,26.0,18.817139983943413,2.208453402123157,2.13446499879692,0.7686530765458175,178.04810982774032,155.0,115.3539736799948,6.715798726269428,5.953079178885631,7.450669127165616,5.933430928657744,5.0,7.526237245224674,1.6750458521058191,1.5966275068156914,0.7933229293389914
Series005-_H20,HELA,cellpose,147.0,54.204081632653065,48.0,24.30417751261632,0.9425482166363096,0.9416058394160584,0.0336792008674238,0.7442007738323173,0.75,0.0763047562530425,9.70498800630366,9.15503998810398,2.804979645763233,6.928646663298615,6.752134435027931,1.467321874076975,1.4095801101767005,1.2991286363436774,0.328816118609696,1.6829264227155412,1.6513440055715387,0.2250814983517874,3.134948629186488,2.849457464293122,1.3832069490704828,6.378418938477745,5.238422323986433,3.975981941792989,6.378418938477745,5.238422323986433,3.975981941792989,0.6386803601535498,0.6383494301473631,0.1618295212323644,25.195969642899215,24.14213562373095,6.929756609495628,0.959607961770553,0.934236696785754,0.1360278240185405,0.7360319544181496,0.7624508512360277,0.1406245665897072,4.442176870748299,4.0,2.843130524545275,0.0340136054421768,0.0,0.1812641169316221,2.2789115646258504,2.0,1.5464786109804431,0.4323877040470043,0.4173702130647597,0.1848507473421314,14.087394506500509,11.223617404278295,7.8080254743724,6.833329070802419,6.278954609436002,1.9412869408837488,6.764265254799828,6.0,1.9896932024841647,0.2917545319398152,0.0,0.4168394742453421
Series011-_H17,HELA,cellpose,90.0,54.06666666666667,49.5,24.6917890085843,0.9387952690778796,0.9391358024691356,0.032552362429715,0.7508968487378993,0.761634199134199,0.0670369164799802,9.770540498639471,9.20630270171064,2.815341354870374,6.883550782117249,6.668409696712635,1.4881498532890032,1.4351344418731231,1.34917760270814,0.3491230563970295,1.6778238985368237,1.6365602961566457,0.2225201354139285,3.099866334739442,2.779324953631799,1.3797294686239716,6.461850536249836,5.2972636738853005,4.21747167931468,6.461850536249836,5.2972636738853005,4.21747167931468,0.6535407324376048,0.6712777716273521,0.1532812103849247,25.275637311527063,24.19238815542512,6.882756194643957,0.9692503001182664,0.9536907527239892,0.1335304201806338,0.7233087133193662,0.7420953814977496,0.1389306267949547,4.611111111111111,4.0,3.032030652309309,0.0222222222222222,0.0,0.1474055462380177,2.3222222222222224,2.0,1.389066655290345,0.4460544031597896,0.4350116742960368,0.1867442790792077,14.28516959896278,12.0,7.36592203464772,6.654614043407225,6.0,1.6769476453287169,6.612947376740558,6.0,1.7062383563101269,0.4104466741811859,0.1863389981249825,0.5059274058590644
Series016_H18,HELA,cellpose,80.0,55.0,49.5,25.883875289453854,0.9417542024172748,0.9411764705882352,0.0298004011035043,0.7490172906532602,0.7380952380952381,0.0767304321548476,9.771002826052902,8.907522238406788,3.1582863174928697,6.964670644626194,6.837612146677236,1.3328698810882416,1.3971667942345776,1.334478247055093,0.3307224327197173,1.6865599819728576,1.6589979072167793,0.2285459902508367,3.142698706751877,2.922059014767949,1.2374775609548665,6.590454293124779,4.95917047752198,4.689208940776455,6.590454293124779,4.95917047752198,4.689208940776455,0.6180418320534283,0.6621639750313162,0.1884663730303808,25.37620849898476,24.72792206135785,7.305617682119055,0.96109722606904,0.9381682550995284,0.134537205784704,0.7452471079598668,0.7470434856851792,0.150693667289711,4.475,4.0,2.9409819788635225,0.0125,0.0,0.1111024302164448,2.25,2.0,1.4874474780643516,0.4326506362485098,0.416506140177364,0.1966856705208947,14.03826391607599,11.0,8.109676360654483,6.657757963695036,6.307582839029395,1.3794012167344325,6.607013916075988,6.240345669448212,1.4370791783118646,0.4756911786414038,0.4714045207910317,0.5727466223200958
Series027_H17,HELA,cellpose,47.0,53.319148936170215,48.0,22.48129850018485,0.9393624736450424,0.94,0.0299184687449883,0.7381076957733146,0.734375,0.0780141755619374,9.445216057393564,8.800881393257232,2.692645093849586,7.041239243221254,6.929607023870124,1.429238892341253,1.3471427690387507,1.2404773347877245,0.320022864377376,1.6802319390556062,1.6559274813404996,0.2156912091084306,3.2263608682287432,3.001215844079385,1.3379534998359313,6.028902748267339,4.840969581136335,3.577644742182494,6.028902748267339,4.840969581136335,3.577644742182494,0.6013492148137131,0.5917230932652875,0.1519153811962393,25.07387705348174,24.27817459305202,6.848465160912912,0.9627350134325654,0.9276229873542392,0.1430490186114724,0.7665885757675,0.8047935881124014,0.1366208255517899,4.319148936170213,3.0,3.115550448129398,0.0638297872340425,0.0,0.2444494743207672,2.1702127659574466,1.0,1.615340672008707,0.4255579943648753,0.3732318493465898,0.2129857153130935,13.374051513410658,10.0,8.40720849524046,6.743023144616335,6.385467371178643,1.5326217828193585,6.703838747453213,6.239709082026406,1.565470949842684,0.2558102822641547,0.0,0.4155978350290593
Series050-_H16,HELA,cellpose,125.0,56.576,50.0,25.036058475726566,0.9473198485708224,0.9473684210526316,0.029442515994197,0.7559267701874846,0.7551020408163265,0.0675263503219334,9.671595226376372,9.041207626316872,2.7823388482565194,7.231633332458055,7.124420651148588,1.3992262106273088,1.335791498312421,1.2577376971075849,0.2793628589699951,1.7290542033879008,1.7165297224818523,0.2269903016808469,3.3908971652265545,3.17233560090703,1.3924572452980988,6.330072730586478,5.108964708885647,4.115107708782778,6.330072730586478,5.108964708885647,4.115107708782778,0.600955321154366,0.6065067466506957,0.1589322811162128,25.54026694021192,24.14213562373095,6.8412999890519615,0.9436786652433334,0.9268198499660882,0.1199123749557039,0.7709955112739658,0.7929926031638322,0.1271242806583928,3.944,3.0,2.552814916910351,0.0,0.0,0.0,2.024,2.0,1.255158954077132,0.3878145428410403,0.372339272509147,0.1631857666204749,12.86933120146472,11.0,6.589364548532109,6.965464534798056,6.333333333333333,1.834954763845736,6.953331201464722,6.121130835690976,1.846238318631257,0.3192678576711856,0.0,0.5021854809532766
Series056_H15,HELA,cellpose,49.0,55.224489795918366,53.0,17.392545090920184,0.9476287762146172,0.9473684210526316,0.0272539834234994,0.7606256216481834,0.7551020408163265,0.0570178895400368,9.253002003524196,8.815151551440582,1.5982735672815478,7.480409358353399,7.218515818962587,1.316652205015881,1.252014711824235,1.1917530917787442,0.1964917627938709,1.7444618135745995,1.7458379202534238,0.1929220644913477,3.605631074844643,3.256685664288319,1.2873686314605726,5.510782779568355,4.856681054679081,1.95149941652244,5.510782779568355,4.856681054679081,1.95149941652244,0.5412134585128319,0.543977221208833,0.1697912593247186,25.205514311430377,24.72792206135785,4.575868153900668,0.9323137753086874,0.9342366967857536,0.0745772724144194,0.814231921398899,0.8393090484251926,0.113291101894429,3.4285714285714284,3.0,2.312344865176949,0.0204081632653061,0.0,0.1413919026586838,1.653061224489796,1.0,0.9594007570239312,0.3616550981819666,0.3427571135789524,0.1960712250472335,11.243788934166696,10.0,4.631596150798554,7.458074648452406,7.491951698421246,1.7406722004716095,7.417258321921794,7.491951698421246,1.7861646450214104,0.2932044697641366,0.0,0.4769939228149504
Series061_H14,HELA,cellpose,201.0,57.776119402985074,54.0,24.895495543848945,0.9459963103163388,0.945945945945946,0.0275227823476306,0.756034172928867,0.75,0.0647231535278906,9.7831688338194,9.263814775967578,2.612037955910516,7.320092609995171,7.213285165121244,1.524222779165721,1.34312436227343,1.2788679799579104,0.2730076496210843,1.738762432074672,1.737575072726953,0.2389222520878098,3.4941881812145987,3.251967679584888,1.5185676028402018,6.408320919633277,5.363641512714702,3.669431569721188,6.408320919633277,5.363641512714702,3.669431569721188,0.6083812857953388,0.6233517668346864,0.1545689574879938,25.880963672931173,25.31370849898476,6.608526654016151,0.9504598786829578,0.931773827849116,0.1093319637086161,0.7644370312802824,0.778390235173137,0.1261879654134948,4.099502487562189,3.0,2.6766076679638293,0.0298507462686567,0.0,0.1701754365819609,2.069651741293532,2.0,1.1782119761763694,0.4018662873913725,0.367116400252979,0.19212994878455,13.196239701873404,11.0,6.229874064900664,6.939937877661135,6.421500681256116,1.816698269376744,6.852956119783853,6.0,1.869900596477263,0.3902930992996155,0.0,0.6022047550079555
Series066_H13,HELA,cellpose,257.0,54.14007782101167,48.0,26.667936211559887,0.9399677748384344,0.9420289855072465,0.0375851231766264,0.7468264460180889,0.75,0.0766606828638019,9.716955069503,9.236394847028013,2.8802635337111497,6.915617687281442,6.804873136334785,1.6784928089905211,1.4279480923223191,1.321634694196974,0.3720929056506138,1.6744283739960315,1.6538681795550907,0.2433470794461003,3.16519413165455,2.894143650100676,1.6208111033284298,6.41969586539789,5.331936860637849,4.225396430612812,6.41969586539789,5.331936860637849,4.225396430612812,0.6381590954892011,0.6538331807912272,0.1672243377445061,25.255872074740875,23.899494936611667,7.488745882752747,0.9709091596818468,0.9356605817119348,0.1526357508125792,0.7307614293417861,0.7574160526714895,0.1529765869703019,4.626459143968872,4.0,3.106501327435419,0.0272373540856031,0.0,0.1627743242284193,2.190661478599222,2.0,1.4544411893717135,0.4517125064815584,0.4266882550511113,0.2069766311614101,13.986303244762205,11.0,7.819612527487464,6.965903022416455,6.333333333333333,1.830487261177424,6.900700131921735,6.0,1.8737824057065904,0.387346355943365,0.0,0.5736712439549098
Series073_H12,HELA,cellpose,41.0,52.36585365853659,47.0,23.92341041186816,0.943298180071346,0.9387755102040816,0.0249426356515659,0.7501197821138297,0.7386363636363636,0.0524598054475878,8.92945121224473,8.18189174576037,2.145640364221406,7.2274721671005295,7.052817206553302,1.4244826428559163,1.2362407111263642,1.1831857552339322,0.1626410581121722,1.6962039794067318,1.6745641281845771,0.2383271948017703,3.3915940453756623,3.108889409315895,1.42840844302964,5.27117947027719,4.183959533708854,2.8271666455281728,5.27117947027719,4.183959533708854,2.8271666455281728,0.5452095610565783,0.5344883724417774,0.1364597132519358,24.252373898356435,23.31370849898476,5.853794490063802,0.9228119084495572,0.9134758813016256,0.0729514692804525,0.8176292497818278,0.8410844039521822,0.0978131791125219,3.2439024390243905,3.0,1.542574468374819,0.0,0.0,0.0,1.7804878048780488,2.0,0.7812496281974131,0.3596946032607877,0.3585255958099826,0.1416293811603348,10.927081585446285,10.0,3.689225959967669,6.549032804958477,6.0,1.5298706372184492,6.549032804958477,6.0,1.5439768781388925,0.1972617743233165,0.0,0.2962795290405435
Series080_H11,HELA,cellpose,107.0,57.5607476635514,50.0,28.430330509843586,0.9388028696617392,0.9393939393939394,0.0319189825114057,0.7422372287040865,0.7444444444444445,0.0749126008018647,9.760922323417706,9.570920929964712,2.9112866176296524,7.252559044493749,7.014543780261048,1.7518491616700758,1.3618408479162,1.2610335268564437,0.3483790003212629,1.7211551233251965,1.6640251133284265,0.2723183833303968,3.479286761194514,3.075239027824935,1.7332211123932069,6.484449648361475,5.725157965477287,4.191895949388074,6.484449648361475,5.725157965477287,4.191895949388074,0.6007071242111014,0.6092212080314443,0.1699036691570946,25.88043382895475,25.07106781186548,7.438989763850404,0.9638115267995438,0.941267391471158,0.1357955595658539,0.7637323421049981,0.7922505313645736,0.1433977602508455,4.308411214953271,4.0,2.670052731297944,0.0654205607476635,0.0,0.2472664776695879,2.2616822429906542,2.0,1.487244510993092,0.4279733069995626,0.4066838920990769,0.1899032148009082,13.792720241851702,11.0,7.608520798792568,6.680759850218414,5.972878325747507,1.888541900178409,6.652533325963852,6.0,1.9222254470085405,0.3169049585478372,0.0,0.4355031533345569
Series086_H10,HELA,cellpose,78.0,60.5,54.0,30.269198188494503,0.9398333666515628,0.9396969696969696,0.0293774069839674,0.7384435073025174,0.75,0.0800697897201423,10.339865307308784,9.752879125439229,3.2637190654430634,7.199228173217476,6.978361648617447,1.638983775801406,1.439952783244456,1.3736601566610849,0.3563805230884003,1.7279762207546088,1.6995009875292322,0.2620128223931659,3.40719713171178,3.043767504142749,1.6137438755453597,7.347792294464014,5.944915773056573,4.819731574145178,7.347792294464014,5.944915773056573,4.819731574145178,0.6523390129951443,0.6855934326737649,0.1668277151125114,26.86750285145775,25.72792206135785,8.104270934368964,0.985791521055057,0.9550693934308806,0.1435468681804992,0.7205599113033767,0.7268393321484903,0.1407639557353458,5.089743589743589,4.0,3.055830481923659,0.0256410256410256,0.0,0.158061897512025,2.448717948717949,2.0,1.6302228563827448,0.4628237142141498,0.4685099569958541,0.1676226507163781,15.133119500594187,12.0,8.734388375675104,6.676159793634483,6.0,1.89043837619749,6.665170782645471,6.0,1.9017700097399488,0.4003732857931361,0.4517539514526256,0.5411202742501482
Series089_H9,HELA,cellpose,184.0,55.69565217391305,49.5,27.25951733696388,0.9407102120724112,0.9433962264150944,0.0357624152149167,0.7388621988293487,0.75,0.0836534383604856,9.874563407384729,9.250038608104656,3.2017084421708653,6.977692181549701,6.806157653379536,1.5760882034339267,1.421817414996802,1.2989706447608835,0.3896567395864987,1.6854950619909013,1.6464202736275588,0.2431290458192777,3.198265137841462,2.8952374421413487,1.5325122006063925,6.734871214695607,5.347708216104143,4.70546990997729,6.734871214695607,5.347708216104143,4.70546990997729,0.62769699568672,0.6382365115331292,0.1866123129642499,25.60709304277441,24.38172798364529,7.75600420143487,0.969926517007774,0.939559574481534,0.1559507117679137,0.7352423193918307,0.7587153169971452,0.1515770119498899,4.559782608695652,4.0,2.86976592677524,0.0163043478260869,0.0,0.1266432630188157,2.4130434782608696,2.0,1.602662010484048,0.4393586237088962,0.4413382565523105,0.1778243477214162,14.616471385964743,11.61891118530308,8.541860982950348,6.528609067124164,6.0,1.5271491193653624,6.477884429443003,6.0,1.5643991400197717,0.3962831080224637,0.4330127018922193,0.4782680707639437
Series090_H8,HELA,cellpose,33.0,68.93939393939394,56.0,38.77592145238041,0.9418172167099612,0.946808510638298,0.0342209838242845,0.7479973665622044,0.7615384615384615,0.0663977542362275,10.613602739871746,9.182256363474272,3.995007884426528,7.829968297287158,7.7227319154276675,1.8020814266150087,1.3309416647691596,1.235619355358999,0.2848728286873538,1.8182171099540547,1.765255020800929,0.3007102484658277,4.034743812792047,3.7275367648478177,1.8518008771418235,8.038040694777697,5.269614495285236,6.377134165962048,8.038040694777697,5.269614495285236,6.377134165962048,0.5906224591786203,0.5873807500809853,0.1654083166463057,28.332013844465266,25.31370849898476,10.038219000211994,0.968777852823601,0.9402753010493112,0.1463360698439922,0.7745189690009863,0.7978787966567902,0.1374875328959183,4.363636363636363,3.0,3.859802018931069,0.0303030303030303,0.0,0.1714198257421933,2.212121212121212,1.0,1.9030689052251613,0.3798421347167431,0.3834535791900282,0.196083849918376,14.01242900892664,10.408074191554409,9.891793404366725,7.153049499547131,6.5,2.0508993264908546,7.0730350695327004,6.425754631219991,2.0928544149471024,0.2977404764651133,0.0,0.6874033684224555
Series093_H7,HELA,cellpose,47.0,49.27659574468085,44.0,19.26931429806024,0.930351328108225,0.9384615384615383,0.032059787736779,0.7378104889440894,0.7380952380952381,0.0535573851789054,9.138636032621116,8.756052714141816,2.234329587668732,6.74238592537318,6.562474148658767,1.2753135320587277,1.3606748320045334,1.304971802429892,0.251337589862908,1.6353512308693037,1.5822799110343124,0.2081283421713218,2.942887035732651,2.691629184488413,1.086076178372048,5.531681077690809,4.791778695801892,2.7045981516248845,5.531681077690809,4.791778695801892,2.7045981516248845,0.6291639994968746,0.6424828273180975,0.1371092719422892,24.10673143384948,23.31370849898476,5.667741431344266,0.9648317868799736,0.934236696785754,0.120253152633673,0.7487099390847575,0.7606990237222252,0.1212728244955313,4.531914893617022,4.0,2.533612876017736,0.0638297872340425,0.0,0.2444494743207672,2.276595744680851,2.0,1.363695349698899,0.4774409354303765,0.4517143605189077,0.2158202820325912,13.817708152644103,12.1171852922494,6.958250031038283,6.504942195197293,6.0,1.4370299676629847,6.487920918601548,6.0,1.4670107055767283,0.4091304189389314,0.4714045207910317,0.4970955904724725
Series095_H6,HELA,cellpose,87.0,55.91954022988506,47.0,27.103555516346777,0.9373779346851114,0.9397590361445785,0.0349536407635811,0.7328744902864927,0.75,0.0828501847907014,9.836274393202007,9.083251148058965,2.9780454721221337,7.050673121926693,6.800126257593416,1.706585372509673,1.420422114373387,1.3147666330806225,0.4112068081453089,1.6945605678324551,1.6287262471325177,0.2524940397311312,3.28902656912022,2.890107319950715,1.661429423376562,6.6013155482742905,5.156590713669655,4.383189673057517,6.6013155482742905,5.156590713669655,4.383189673057517,0.627019139233853,0.6492310427358501,0.1728064705700423,25.69363750897513,24.14213562373095,7.516077354532516,0.9734941798408356,0.9402753010493112,0.1501754938058797,0.7396240809916504,0.764333401428971,0.1534006331376841,4.666666666666667,4.0,3.034918115756776,0.0459770114942528,0.0,0.2094352546929724,2.35632183908046,2.0,1.6607504984971966,0.450274466699903,0.4378453660505527,0.2010889617739853,14.601362490346258,12.0,8.662386542990133,6.753948697242808,6.402487289320216,1.6042910632044092,6.72779927195545,6.402487289320216,1.6266093397144523,0.3558878196334966,0.0,0.5222080994894691
Series099_H5,HELA,cellpose,129.0,64.72093023255815,54.0,40.41604883936368,0.9450890191569596,0.9428571428571428,0.029975338314016,0.7531793931542182,0.7530864197530864,0.0690727091094437,10.47964597120697,9.63383235208878,3.445398500930866,7.486672695656635,7.049221573558999,1.915623346862228,1.4016597857565956,1.335592273704003,0.2949096614187512,1.7771787668563035,1.6884799336527074,0.2956585369690052,3.732492553683388,3.1057202995706006,2.2670381266872828,7.605859407003196,5.800670361759527,5.884407699093309,7.605859407003196,5.800670361759527,5.884407699093309,0.6373483045534211,0.6628734028242311,0.1687809806579918,27.51288240732547,25.899494936611664,9.187424060848723,0.9751805564540936,0.947478312873302,0.133873998825332,0.7356444027921935,0.7436292981312976,0.1345627116481725,4.984496124031008,4.0,3.2990120581868894,0.0155038759689922,0.0,0.1235455616318544,2.387596899224806,2.0,1.5863276176055128,0.4474067295278759,0.4413017276686685,0.1741692157971412,15.12816838413805,12.0,8.619625311429754,6.928469848393002,6.25,1.894006978641093,6.849098616696188,6.0,1.9442929457730491,0.4284862797076287,0.3999999999999999,0.5575992521847983
Series102-_H4,HELA,cellpose,42.0,72.23809523809524,60.0,36.64164266683827,0.9351150422801044,0.9328582145536384,0.0291675441002547,0.7160900452560867,0.7129120879120879,0.0690341702319649,11.56190155809721,10.861188593977404,3.732843532996141,7.7675129131774625,7.424967979800478,1.951486263828856,1.5092120338707775,1.3996133519453546,0.4183719727705127,1.8109344759964263,1.747340542471551,0.2852913671731366,4.008909718393208,3.447200928237441,2.145075394046676,9.225730530060114,7.372840711396774,6.298722237027982,9.225730530060114,7.372840711396774,6.298722237027982,0.670049848732304,0.6996406494373293,0.1736018699492451,30.17496132983667,27.556349186104043,9.594970100378182,1.041041528569164,0.9775096858645472,0.1698610245518452,0.6937429696112962,0.7050682682321545,0.1586621022238634,6.119047619047619,5.0,4.541881196955314,0.0714285714285714,0.0,0.2575393768188563,2.9047619047619047,2.0,2.1247915730783906,0.4931976398230346,0.4655237324507075,0.2250872357842429,18.18139240325612,14.5,11.51870515101468,6.885644103936396,6.225,1.9592438222724708,6.681392403256122,6.0,2.0313550045997686,0.6422961661834471,0.4822055846913332,0.7879438499851312
Series103_H3,HELA,cellpose,202.0,64.81188118811882,59.5,27.272084473150127,0.935598878019444,0.9371044303797468,0.037650671797374,0.7332298323097777,0.7369318181818182,0.0884372327933807,11.267563552733014,10.55416000397063,3.440694341005359,7.286312694675293,7.117826254190035,1.484152430536381,1.5744688619114295,1.4325852396329628,0.5048323057060068,1.7547203696755655,1.744208997905616,0.2270395790703972,3.4558163201033354,3.16646635966643,1.45983321976805,8.674772872693982,6.961893475826198,5.753614077643422,8.674772872693982,6.961893475826198,5.753614077643422,0.6931102779476116,0.716059796882772,0.1657504770457356,28.668516120763798,27.72792206135785,7.655616260888059,1.0366013240387184,0.9945124216950728,0.1891342980424879,0.6758455837579521,0.6955422709081931,0.1653004819099459,5.876237623762377,5.0,3.717703126608464,0.0247524752475247,0.0,0.1553698497670813,2.6386138613861387,2.0,1.715709032604403,0.4890866186871047,0.4852862539898208,0.2015357018426033,16.904441206240346,14.613896513924924,9.217568082954555,7.060739336053327,6.254086752852544,2.091300710896818,6.971272889408661,6.0,2.1358673527758394,0.5776148459872037,0.4714045207910317,0.7596735140360747
Series107_H2,HELA,cellpose,62.0,60.24193548387097,55.0,27.288592372514508,0.9419462692608416,0.9466571834992888,0.0271491436269111,0.7518698279468631,0.75,0.0637055677872256,10.069473839767324,9.204764642122775,3.255316763045975,7.43492436477567,7.40685955944164,1.1614920670657638,1.3410148118471994,1.2338815513502346,0.3038381110996723,1.7528501232867395,1.7610231764988415,0.2115565453980268,3.539197758236976,3.42885016050515,1.1147358358477104,6.999461914845407,5.295496637035772,5.356058748926963,6.999461914845407,5.295496637035772,5.356058748926963,0.5954345613447198,0.5857002859995766,0.1624544994788176,26.71102323531345,25.4350288425444,7.3865515496570735,0.9670985795841612,0.9472133895653772,0.1228021515353491,0.7702417282023214,0.8066763493906541,0.1362694536441093,4.580645161290323,4.0,3.58108105454914,0.0483870967741935,0.0,0.2145828176717753,2.1451612903225805,2.0,1.0135656350558049,0.421083459799135,0.3816558656886627,0.2004072131692923,13.74708123861022,12.0,6.27134738197637,6.7677801633414,6.212877315609996,1.6544860070377343,6.68256510957796,6.212877315609996,1.730339215310564,0.4959247286363106,0.0,0.7834731449790386
Series109_H1,HELA,cellpose,284.0,58.971830985915496,52.0,30.104967458238104,0.9366616119083828,0.9387755102040816,0.0378101504587459,0.7260751954190927,0.7343203671328671,0.092772325494917,10.56967495225227,9.895225718106738,3.550561414133256,6.960069164492382,6.663784331665665,1.6298353015242604,1.538077373823725,1.4218318009991848,0.472099341322105,1.6960228996753195,1.6683998739116188,0.2375576370427081,3.1936828677882723,2.775376409587107,1.6321240652987488,7.770282184487559,6.119719507081138,6.005633191089934,7.770282184487559,6.119719507081138,6.005633191089934,0.6849727707062109,0.7108737074172216,0.1601113097866177,26.91820580973749,25.31370849898476,8.519040048596262,1.0103180197973498,0.9646713578398464,0.1848109659740477,0.6867970202360933,0.701857709394656,0.157440763414658,5.46830985915493,5.0,3.5309071913784638,0.0246478873239436,0.0,0.1550495694105915,2.672535211267605,2.0,1.858124314213133,0.4863506354392026,0.4767782517809059,0.185749991692517,16.45728684855419,13.0,10.139602362530873,6.629189095368412,6.0,1.48970431124448,6.541793890807715,6.0,1.5512235130035137,0.4949925304997249,0.4714045207910317,0.58648841014608
Series022-_B1,BXPC3,cellpose,164.0,57.14024390243903,51.0,28.41888053165041,0.9379274558283728,0.936339074636947,0.0313280055590726,0.7375882816433332,0.7359126984126985,0.0737757137829254,9.980364304600268,9.43428916685611,3.001297186134733,7.046820074452055,6.872996754066207,1.6219099196990865,1.4226082859821585,1.334864110761072,0.3044303862053918,1.699101303258093,1.671613685179264,0.2531694720814628,3.268016559332421,2.952380555189954,1.5636073175602117,6.788466028252468,5.562961129383954,4.394442013643795,6.788466028252468,5.562961129383954,4.394442013643795,0.6487233017834341,0.6624117768324915,0.1620130314067266,26.005332931126183,25.31370849898476,7.633249028749465,0.9766403350565231,0.9751261128327215,0.1246335313365582,0.7250342795426558,0.7400204981354963,0.1381997195307003,4.829268292682927,4.0,3.2527844659118705,0.0609756097560975,0.0,0.2392855715896168,2.4207317073170733,2.0,1.6490379904273569,0.4586174967604372,0.4507113955772038,0.2100176049720109,14.808212793117296,12.0,8.75863206181181,6.605918948750281,6.0,1.51527987466751,6.536871329702661,6.0,1.5683470599097376,0.3665826361241477,0.0,0.4790482809816607
Series025_B2,BXPC3,cellpose,120.0,53.28333333333333,46.5,25.408720069211583,0.9462578902401362,0.9445582586427655,0.0328818193612499,0.7530523659035199,0.75,0.0694465112147902,9.239221991135198,8.905004088908342,2.4994525968605887,7.039841325256799,6.776032830226253,1.63038772965396,1.312862316923786,1.2685193049126102,0.1961637880184467,1.6903521681085427,1.6475576264716232,0.2566883938285422,3.2635956271124757,2.870027560226794,1.5465256779222265,5.725655392839338,4.956222797369913,3.0986379042635592,5.725655392839338,4.956222797369913,3.0986379042635592,0.6024572198497143,0.615264563352717,0.1450175162858488,24.5265764646288,23.31370849898476,6.893752520532752,0.932704119805026,0.9276229873542388,0.1066585920753887,0.7739185070063973,0.7865997015466133,0.1104326142049446,3.85,3.0,2.108119224964913,0.0166666666666666,0.0,0.1280190957978101,2.033333333333333,2.0,1.0873004286866728,0.4064422718180344,0.3857457766813302,0.1712441316294218,12.520243836232355,11.0,5.517077550927596,6.662882725121245,6.0,1.7464549410427332,6.6285771695656885,6.0,1.7731652852388156,0.2968128499251768,0.0,0.4324636600969839
Series036_B3,BXPC3,cellpose,57.0,70.03508771929825,65.0,34.72547217785183,0.937493954628266,0.9367088607594936,0.024801859887915,0.7452912727657802,0.7474747474747475,0.0658912626967653,10.510809819482194,9.93025376140442,2.7655156429329155,8.14764807933712,8.194067411466742,1.9688305126859904,1.2959962036255372,1.28138464965876,0.1911712112897565,1.856807896254485,1.8497360056298795,0.3028816483520821,4.391278925775578,4.19642129647883,2.2808669508840107,7.3828249895393725,6.163121235367916,3.982912053977712,7.3828249895393725,6.163121235367916,3.982912053977712,0.5913698855463418,0.6252733823728941,0.1432737851896079,28.660863632053708,27.899494936611667,7.853774329071928,0.973283706046929,0.954109768835464,0.091498751593203,0.7804299778544432,0.7751945959998676,0.1051850998480282,4.2105263157894735,4.0,3.0188695578315765,0.1052631578947368,0.0,0.3068922049918579,2.087719298245614,2.0,1.143719720210991,0.3822459388155919,0.3582988121183194,0.2066732477869185,13.174993658896796,11.0,5.895728499128626,6.903063834335396,6.0,1.9214279742783,6.841660325563466,6.0,1.9748867029910195,0.3969489393783598,0.4714045207910317,0.4553395146914614
Series074_B5,BXPC3,cellpose,70.0,63.12857142857143,55.0,27.678212900903752,0.9418512705802898,0.9392091648189208,0.0285729508414683,0.755906078692068,0.748015873015873,0.0670473032591876,10.0970465286199,9.22992878671787,2.7933058484364697,7.7330524994427,7.553581669478694,1.377854397047401,1.298292937480025,1.2491397921308145,0.2164584579314947,1.7930051015086703,1.7649971233579946,0.2329906530990745,3.8561614811624905,3.5660422151274425,1.381826903353873,6.859556635251536,5.326049213000854,4.237948917460139,6.859556635251536,5.326049213000854,4.237948917460139,0.5823487493954246,0.5992357590176352,0.1604141829198224,27.28996700065082,25.31370849898476,7.119944428403484,0.9652857061144782,0.9401952265640808,0.1105563739728803,0.7840830723446545,0.7919805302168976,0.1155861700951865,4.4,4.0,2.978014679038944,0.0428571428571428,0.0,0.2025349554108261,1.9714285714285715,2.0,1.1080411102665897,0.414750107760274,0.3986965668408769,0.2048162147622005,12.997922514749533,11.8689144279137,6.031259024154257,7.156017752844771,6.5,1.9689295186836573,7.133636800463818,6.5,2.0002895434912538,0.4583443308646757,0.0,0.586805853144673
Series077_B6,BXPC3,cellpose,43.0,58.88372093023256,48.0,39.708946506628784,0.9447612702107224,0.9516129032258064,0.0369217011748512,0.7424114611659915,0.75,0.0738050232523535,9.622208483724645,8.901335354268967,3.741243894358791,7.295155026219797,6.679410588202852,1.939945990678108,1.3140009534258084,1.225609595991498,0.3109816246701344,1.7238850089690605,1.658240984185556,0.3301835835702548,3.5614173314580024,2.788407862862273,1.964102691708756,6.661487623833715,4.952110693072415,6.5201142827995335,6.661487623833715,4.952110693072415,6.5201142827995335,0.5766147162556104,0.5781641031563509,0.1614558461598871,25.69654433101094,24.48528137423857,9.37587318847288,0.949042801617222,0.9276229873542392,0.1337141947630581,0.785915472754765,0.8107143229013226,0.1342117618914692,3.86046511627907,3.0,2.7072804113219067,0.0232558139534883,0.0,0.1507148999629735,2.13953488372093,2.0,1.6647004807603052,0.3856382827303039,0.3878012739929617,0.1936890118186612,13.153531628879444,10.340439756937815,8.632348484696069,6.712704755494429,6.286084891092878,1.5237381014205047,6.688415349809677,6.286084891092878,1.5575113991046514,0.2329629406953856,0.0,0.2933327256857354
Series015_M1,MCF7,cellpose,65.0,89.49230769230769,73.0,49.4172573646473,0.9349771481558468,0.9411764705882352,0.0331162302669232,0.7431965553128073,0.75,0.063132653422607,12.308220189572152,11.16273887397921,3.9548000124820657,8.897523693082201,8.501630233240745,2.122997405157281,1.373339300111228,1.328847452905585,0.2204384978658881,1.9813200029184357,1.9046868528519536,0.3200686554226857,5.229565365703981,4.517357288922067,2.6005795344549663,10.445795460857482,7.787921198040416,7.318090570089277,10.445795460857482,7.787921198040416,7.318090570089277,0.6417812146428835,0.658555883046767,0.1370701794111845,33.39275666837513,29.556349186104043,10.913173714820898,1.0325644292661114,0.9938571656311652,0.1466462441021692,0.7362920625586854,0.7481684296325983,0.1181403697198182,6.092307692307692,5.0,4.484925441188264,0.0615384615384615,0.0,0.2403153746432816,2.9692307692307693,2.0,2.5478149357332773,0.4574276491767382,0.4483657807791805,0.2391678873697707,18.93902184724513,13.0,12.96821485350386,7.606567634790913,6.4,2.7093349198248777,7.508252616475896,6.0,2.78090659864784,0.4452077217617699,0.4330127018922193,0.6183432953458651
Series017_M1,MCF7,cellpose,142.0,69.88028169014085,63.5,31.685177232559056,0.941020002224133,0.9428571428571428,0.0295081276040219,0.7368159396868543,0.7373737373737373,0.0721697852001777,10.756410742422172,10.43513213353263,2.9267182918898333,8.072321729174705,7.937391694796528,1.6372287199092268,1.3351785847334814,1.2683259531539828,0.2510593338874078,1.8549854259273717,1.834072769627047,0.2505385519833142,4.240180998787606,3.937789573881037,1.937575558355133,7.766628251236105,6.805755605773019,4.950506666318829,7.766628251236105,6.805755605773019,4.950506666318829,0.6112279505756922,0.6149621688206928,0.1412367863410761,28.900360986673103,28.14213562373095,7.446037163159223,0.9797633217818114,0.9567547205608408,0.1062725021444485,0.763743218516989,0.7782989695455373,0.1179686131937668,4.690140845070423,4.0,2.85859982122527,0.0422535211267605,0.0,0.2011669979871225,2.443661971830986,2.0,1.5176178882548272,0.4238005157741806,0.3833329564759429,0.1971166656967245,15.210928376673492,12.0,7.682962609504553,6.933653617004363,6.0,2.220133581027574,6.851773447096024,6.0,2.276473239122809,0.3779941367625579,0.4028453490710921,0.4604561193240565
Series021_M3,MCF7,cellpose,137.0,66.91240875912409,61.0,29.444857395555424,0.9406586371050482,0.9391304347826088,0.0292505453528757,0.741930132005506,0.7407407407407407,0.0641056620062896,10.31920255422333,10.061713114366112,2.49082949899455,8.042637967656203,7.744829450303571,1.649390985357915,1.2893328704380431,1.2352926739808645,0.2034565851141823,1.8359210135808133,1.8100086925584224,0.2408761051943076,4.212782256335314,3.748898950893095,1.8570397349823,7.043135809259421,6.327379424737938,3.8580639693615497,7.043135809259421,6.327379424737938,3.8580639693615497,0.5814200581415153,0.5870857433707843,0.1506303787830964,28.16152108525625,27.31370849898476,7.063319432299663,0.9696849647219272,0.9695961507337536,0.0989626777117827,0.787271699371384,0.8024354652635045,0.1099389338996377,4.131386861313868,4.0,2.7387927391200257,0.0218978102189781,0.0,0.1463499098960833,2.116788321167883,2.0,1.3937592574045317,0.3821689831776058,0.3584339288435045,0.1765721615707116,13.583575373022043,11.03829707260733,7.236987815060915,7.159209714349815,6.278954609436002,2.0446089998747468,7.127370993459999,6.0,2.072269203327149,0.3243188501572326,0.0,0.4729209238282115
Series024_M4,MCF7,cellpose,66.0,64.01515151515152,60.0,27.802055965092475,0.9473709416090278,0.9504098360655736,0.0287349175192516,0.7596609363464653,0.7646103896103896,0.0625781653241456,10.064279062277,9.784629795406437,2.7471828812825025,7.85740588488113,7.738158531526485,1.488904545065675,1.2755707314104012,1.2059793513977946,0.2145857151139844,1.81041132140696,1.7951750656099084,0.2516580967409714,3.9972289990051153,3.742463013075266,1.513911661460039,6.802295426662427,5.983697368755058,3.987613286704497,6.802295426662427,5.983697368755058,3.987613286704497,0.5679307506266618,0.5589463563853,0.1470217505157918,27.31290883461149,27.520815280171306,6.887777315422452,0.9572283357915368,0.9395599361732524,0.0971854042933873,0.7968422314608999,0.8256215692415032,0.111464753564289,4.045454545454546,3.0,2.4335521996743656,0.0606060606060606,0.0,0.2386062992124791,1.893939393939394,2.0,1.129880496212252,0.3939432151372463,0.3701395506747016,0.191980335021973,12.676036045506065,11.0,5.493208706825644,7.519722914192935,6.5,2.627523932166716,7.479066348536369,6.5,2.6551056771233923,0.3066227148049288,0.0,0.5515987040360726
Series026_M5,MCF7,cellpose,165.0,93.27272727272728,81.0,53.3010163796849,0.9421711693124064,0.943661971830986,0.030341564601406,0.7490425584320086,0.7530864197530864,0.0691822288253972,12.433478947209696,11.281155874645432,4.292818562884746,9.172921087025188,8.961712313279518,2.007708699578361,1.3454977590320298,1.2710459282699853,0.2819948275714706,2.0358316971239714,1.9982358224908692,0.3240198669328348,5.510835968197124,5.019517974124108,2.5900035284541243,10.813730621534662,7.954029866752946,9.040931329629606,10.813730621534662,7.954029866752946,9.040931329629606,0.6024486979169128,0.6172671408395682,0.1670801993610962,33.7678243272083,31.556349186104043,10.982246937352503,1.0135425226190602,0.983015087460643,0.1380393028035283,0.7633663725071781,0.7790265408029396,0.1342803772357719,5.321212121212121,4.0,4.455827479914608,0.0545454545454545,0.0,0.2270908363053963,2.672727272727273,2.0,2.2913900409051333,0.3934070472028932,0.3653748126187385,0.201255373404416,17.095489640279215,13.0,12.04087837823705,7.425210660000233,6.333333333333333,2.456407591149592,7.313671458461034,6.0,2.5298701764315963,0.4756083954722593,0.4330127018922193,0.6714481003976385
Series038-M6,MCF7,cellpose,122.0,72.13934426229508,63.0,35.49054724616546,0.9427066804386104,0.9416626154594068,0.0213071796603523,0.7494018272356151,0.748015873015873,0.0501749043946582,10.696885719767286,9.973546117530976,2.9761214474610043,8.29666391412975,8.071512473111213,1.725062501245285,1.287715467952958,1.2121209287852115,0.2220363299190773,1.882816621482052,1.8569870484378792,0.2773483395921326,4.488154546076589,4.071832182503015,2.0729726303132385,7.705041435737415,6.216976467463882,4.728404437521909,7.705041435737415,6.216976467463882,4.728404437521909,0.5723986560372541,0.5651323048664064,0.1548834784582279,29.22952828670944,27.899494936611667,7.864350295988885,0.9756856214377144,0.9545159006218532,0.0944670103388678,0.7916742895772868,0.8187238322702408,0.1192717552893361,4.229508196721311,3.0,2.9442549928712984,0.0327868852459016,0.0,0.1780783687082003,2.180327868852459,2.0,1.3058280046575497,0.3745078577399582,0.3649911457843415,0.1712715236858583,13.968396650369083,11.0,6.677386418593279,7.152413043811709,6.333333333333333,2.016235232162826,7.083150748729742,6.0,2.06547243830622,0.4039385209092392,0.0,0.6391492175755811
Series040_M7,MCF7,cellpose,27.0,57.37037037037037,49.0,36.29727889826428,0.948147955714597,0.9444444444444444,0.0259579413181907,0.7572205737384309,0.75,0.059839175693227,9.339713039368368,8.7573974179757,2.798666018180492,7.375682262328189,6.789720631378612,1.9124412133436897,1.2660567005868542,1.232980333803701,0.1696688987261927,1.7362736364231637,1.678170298410541,0.2966725421628912,3.6286325143323848,2.8812691407605238,2.241648547602024,5.941423196191611,4.793250596022966,4.196122149889027,5.941423196191611,4.793250596022966,4.196122149889027,0.5760578033118057,0.5849866175853743,0.1230175734567758,25.17082463319701,23.899494936611667,7.970025614230938,0.9240536471274626,0.9276229873542392,0.0899208495734421,0.8003993616818612,0.8049894953377278,0.1001586636245422,3.259259259259259,3.0,1.817458392057081,0.037037037037037,0.0,0.1888525745775105,1.5925925925925926,1.0,0.828173324999922,0.3438148464833788,0.3533654062630783,0.150048456657051,10.547618948037549,9.5878797664798,4.212687809075543,7.029100429519029,6.871503795562984,1.288485795775121,7.01058191100051,6.871503795562984,1.3083793142655311,0.2601013865843476,0.0,0.3750741287135558
Series042_M8,MCF7,cellpose,48.0,61.60416666666666,60.0,23.06308340123285,0.9428523823651296,0.9430194805194804,0.0282462510363517,0.7490084317688485,0.748015873015873,0.064060604051509,9.81010192743984,9.5037949709922,2.0652966276924065,7.80121560939251,7.816958634430485,1.4583343081479216,1.2613101993843188,1.2113404060827238,0.1674372647430732,1.8029468953021155,1.8200483242202208,0.2387507143139643,3.936606496159414,3.820070606103745,1.4999261030169453,6.28147187419478,5.645139765424996,2.6515306073562868,6.28147187419478,5.645139765424996,2.6515306073562868,0.5758952551569366,0.5643208828849726,0.1129028642860436,26.721386467629003,26.31370849898476,5.56648585446414,0.948484233675742,0.9442363687537616,0.0667904532008742,0.8005578773916948,0.8253492264842957,0.092044660164911,3.6875,3.0,1.8614090764794289,0.0,0.0,0.0,1.625,1.5,0.7252872993970504,0.3781522652698426,0.3395412258040501,0.1755574645183577,11.612880715909483,11.0,3.200683598846782,7.869825160353931,7.097751331674904,2.3422970770077534,7.873297382576152,7.097751331674904,2.341869768807688,0.2734443963811297,0.0,0.382482649152317
Series005-_H20,HELA,mitosegnet,321.0,1501.2538860103627,38.0,8323.796785432667,0.7681031086519106,0.7795275590551181,0.1043652467194137,0.5523662109572857,0.5625,0.1254348394493557,27.644384431107287,10.41590967288398,78.34693176199659,14.314700324155543,5.811459406275152,37.04129497558872,1.8760473453148288,1.6623232713674745,0.7348637180297742,1.401089392484698,1.2678601012269168,0.6252468876494828,98.5605111774346,2.110816276923996,511.14923461034925,431.4033566933623,6.780698394604878,2566.403620782483,431.4033566933623,6.780698394604878,2566.403620782483,0.7623684379714605,0.7988218154990185,0.1544145471359558,322.1025507968641,25.31370849898476,1473.5806862072857,6.784839271840364,1.495756028000319,25.626033842851776,0.4997273912600253,0.5011425966358203,0.1902611856262403,33.69430051813472,12.0,83.39831895680875,0.8704663212435233,1.0,1.0275017694249684,7.430051813471502,4.0,12.436221895062106,1.2237887352395642,1.120646632062048,0.5463109291057806,59.6914896776038,28.0,106.31390834742112,21.213402117984312,5.833333333333333,79.09402896813954,20.911696931489807,5.5,79.1532975834928,0.9373499126112466,0.7483314773547882,0.8631727283896109
Series011-_H17,HELA,mitosegnet,201.0,2550.353233830846,55.0,17546.748471157036,0.7840322386001344,0.8172043010752689,0.1215925903342767,0.5664851988746834,0.5909090909090909,0.1226984963305739,30.52839374648608,11.440754460951585,95.24325574673112,17.545443438305192,7.1668055532437815,52.76455624041727,1.7724001843748007,1.544427786912726,0.6636430143787445,1.5771821763148968,1.4678824124058565,0.4536819439643725,193.2463112934328,3.210193864875369,1313.0098564233915,625.2037868736077,8.180678914736474,5128.094113037967,625.2037868736077,8.180678914736474,5128.094113037967,0.7262095428247733,0.7620747979450883,0.1816586509783131,571.1304138730986,32.14213562373095,3652.716010024791,11.027441015429169,1.4407908861962653,61.72608026550473,0.5420494185819441,0.5243218400593029,0.2177126860550804,37.00995024875622,11.0,99.40199253484823,0.965174129353234,1.0,1.4502636900488108,9.467661691542288,4.0,14.215127497008044,1.099491502981358,0.9745200269231108,0.6168810759820956,70.84745790553812,26.0,122.71517566932091,20.76148141556674,5.838709677419355,95.76567156126238,20.46188576623464,5.5,95.81301779785348,0.8599020512882162,0.7820295697311479,0.6970738132965485
Series016_H18,HELA,mitosegnet,181.0,2689.8563535911603,49.0,18493.522440454897,0.7760228677068634,0.8,0.1194603342725461,0.5650473511056626,0.575,0.1221111288629018,30.213338430100237,11.179693421483558,87.17618357584827,17.1999937312153,6.794863610327934,49.49586691809052,1.7434215447780737,1.5701285289698916,0.6353907371161074,1.5059171559301303,1.4018511274706926,0.5206432846066964,171.60503914544836,2.8856357176849228,1112.0283757746222,532.0333001213605,7.81159656239767,3185.851065090664,532.0333001213605,7.81159656239767,3185.851065090664,0.7312739829788382,0.7709542434423771,0.1698002757569074,505.9960614503957,28.520815280171306,2728.4701392953607,9.379796462773982,1.3539794214499197,40.90272971348946,0.5345722407892549,0.5210314450960243,0.2031090968679349,41.15469613259668,11.0,101.35315612723596,1.1215469613259668,1.0,2.2240845988952964,10.569060773480665,4.0,22.37184333612175,1.1993913832959864,0.9998761298139872,0.7928458908524191,78.67794796312981,27.0,157.00276167630915,21.45508447263476,5.888888888888889,87.81084437016167,21.10612475870993,5.5,87.87312357544072,0.8736312931801089,0.7071067811865476,0.7783245212596943
Series027_H17,HELA,mitosegnet,168.0,3519.625,38.5,39024.147451974175,0.7634605251712161,0.7766075388026608,0.114349329136078,0.5407568044058331,0.5416666666666666,0.1159980818157224,26.865617582035437,10.354901743703753,118.1989485715996,16.40118279377989,5.704342554528361,79.73952943860577,1.8649221234682645,1.661117155749294,0.8769749609431374,1.352185004686908,1.2774353735347428,0.3591673921371303,414.2119595078285,2.0337206727685024,4628.111610749562,918.2970532184894,6.702090302611744,10399.35502135673,918.2970532184894,6.702090302611744,10399.35502135673,0.7688587561986379,0.7984889166141151,0.1373658315570617,551.649475618872,25.33147545195113,5144.540224279354,8.586393023781918,1.4083442750716704,56.10678356082459,0.4969777489379944,0.4959196905586923,0.1772146784924251,33.69047619047619,11.0,120.47173904819776,0.8630952380952381,1.0,0.9815293899372844,7.857142857142857,5.0,11.59653361296964,1.2711016444684549,1.1216502727959594,0.7132779583089531,61.42158871436531,28.0,134.18111335758744,20.283636319777,5.755952380952381,118.62712247285953,19.90670776198436,5.0,118.67309319970512,1.0156052895651353,0.82915619758885,0.8783084127718779
Series050-_H16,HELA,mitosegnet,161.0,3562.5962732919256,35.0,23358.63151392788,0.7463376379134066,0.7666666666666667,0.1107819641665118,0.5304147383842933,0.5277777777777778,0.1164847009052623,33.13268580439578,10.19200175330248,119.84619108319583,15.97809167359596,5.507065876475001,49.92436059305286,1.9316088547717376,1.7522440049727632,0.790674333754846,1.3551234369952556,1.2382991067310092,0.5969056036601588,171.73382463468786,1.8954859104897104,997.3817609765268,966.3052741101684,6.49230623370755,7225.154705965381,966.3052741101684,6.49230623370755,7225.154705965381,0.7737104857698265,0.8211608811502527,0.152958507974866,593.59286809306,23.899494936611667,3354.2388908042244,9.603124335789772,1.420146620207429,44.99668774253653,0.4793472125230781,0.4586121920324091,0.1943978606028293,39.7888198757764,13.0,121.85111625828428,0.8944099378881988,1.0,1.006824443128056,7.006211180124224,5.0,9.38513221872001,1.3174955118398914,1.184098861966814,0.6034143325367355,63.94385883448879,32.0,130.1653275678688,27.24989034295129,5.833333333333333,120.61664164031876,26.887958213370773,5.5,120.68063014245736,0.9854893838700796,0.8,0.8879401564873977
Series056_H15,HELA,mitosegnet,194.0,3165.407216494845,47.5,33329.65642929731,0.7681803200264473,0.7804439746300211,0.1248524480366873,0.5623463974152904,0.558578431372549,0.1309695988674855,27.91254107812959,11.523639581449103,107.61226601653892,16.122562935124428,6.131539200044453,61.754355007945726,1.8171790198006927,1.7022579636024235,0.6247928078220922,1.44756770401575,1.3531965756797024,0.4345206258286468,254.59608737777756,2.3497424936131246,2679.1926903420435,772.4693591657879,8.300593885980755,8785.16033233425,772.4693591657879,8.300593885980755,8785.16033233425,0.7542531253150039,0.8091880300532395,0.1679506427111722,481.2785152596916,30.22792206135785,3888.868329120551,7.764715096656253,1.4958053852982411,40.1634693277744,0.5061304643691412,0.4810036475284192,0.2030971234312941,34.577319587628864,13.0,109.9906589334258,0.9072164948453608,1.0,1.193474302988074,8.195876288659793,5.0,11.33613797693545,1.216908094012671,1.0939374770368218,0.6812138670230884,63.44949592297132,33.0,123.43402768899168,20.286190779241448,5.907670454545455,108.23597403386982,19.872176335342445,5.0,108.2910834976392,1.0262183729942576,0.9428090415820634,0.8330995679367466
Series061_H14,HELA,mitosegnet,434.0,580.4245810055866,34.0,3982.932935595532,0.7270959215822358,0.7291666666666666,0.1225667183650416,0.5130579044734854,0.5119047619047619,0.1199627406687793,19.063415493111005,10.066625739921314,45.24314491351579,9.72046517227759,5.674173777145692,21.79742108328872,1.9526599853131237,1.7437749600865375,0.8009327171491583,1.281770130643687,1.2289954251171864,0.2751003235426812,35.60093806547883,2.0122655033279875,243.3790643354349,150.64724824552337,6.333559611727896,1119.6267661528311,150.64724824552337,6.333559611727896,1119.6267661528311,0.7801937858282172,0.8192276158336117,0.1548926997234324,158.812121494844,23.65685424949238,917.7578062825874,4.21984787731054,1.4233908766872567,16.869897825009755,0.460112476569766,0.436925931624489,0.1930532061440905,27.782122905027933,14.0,52.05961895960756,1.067039106145251,1.0,1.141388771663559,8.955307262569832,5.0,11.978482210980408,1.3830246859572013,1.2161821216325213,0.6219613995298693,59.11204448353447,30.0,82.53827555779442,11.616706884455558,5.87719298245614,45.07251878660401,11.198636662305418,5.0,45.12588151602088,1.031178474164042,0.9797958971132712,0.7519454358273966
Series066_H13,HELA,mitosegnet,99.0,5622.141414141414,36.0,35262.59795886124,0.7587480717326542,0.7692307692307693,0.0926048252711513,0.5414234787695296,0.5454545454545454,0.1026714869264309,44.021615952193606,9.363905966460718,157.87948405964795,19.37237332061205,5.876575351818407,60.11324709620617,1.9740779079368056,1.75800770304788,0.9509036026379742,1.446028058097399,1.2869232956370344,0.7739766185489395,249.30570778266875,2.158383616599977,1399.499310099321,1678.989634873941,5.480170934294915,10763.928836228895,1678.989634873941,5.480170934294915,10763.928836228895,0.7800844600812106,0.8224580831978299,0.1442135821587634,833.5915595936456,25.31370849898476,4477.279935795294,13.706597988161672,1.410559177658844,75.48242403697911,0.4834246758428304,0.4658446483797998,0.1800509194643839,55.292929292929294,12.0,165.0604573980993,1.101010101010101,1.0,1.7436461825723073,9.666666666666666,5.0,19.00823851158048,1.3510216707749434,1.239305434741656,0.6625984224259215,89.27483849340233,27.0,194.3292169524598,36.21393612496952,5.777777777777778,158.75828681848586,35.82534354390739,5.0,158.83268863186552,0.954841933882252,0.7284313590846835,1.0412515525269306
Series073_H12,HELA,mitosegnet,152.0,4322.993421052632,34.5,31270.958528787807,0.7325176604392297,0.75,0.0979514247323395,0.5184294270523838,0.5277777777777778,0.1095982284164851,31.050882754269548,10.13291381695331,124.73843084640149,15.743092563706018,5.6612864672592345,54.21607695457799,1.8393182623423217,1.6940060093428184,0.6333082148682992,1.3619243820465932,1.2036261138009143,0.7217396325324832,199.2017477383836,2.0031371147314947,1354.5361189804398,1032.739590615117,6.417318067341271,8396.589509693027,1032.739590615117,6.417318067341271,8396.589509693027,0.7708167847000121,0.8071612114729727,0.1418615485937676,640.6825106794095,24.91726188957804,4216.372149023289,9.681420273294146,1.4363878094187512,56.80046844540855,0.4782547369933163,0.4702530163008749,0.1706127505440149,41.73684210526316,13.5,127.59443029638592,1.131578947368421,1.0,1.1395071102426824,9.157894736842104,5.0,12.98536892406923,1.5241484530874352,1.3954816462056336,0.7044700236776991,73.44374316399966,33.0,143.7420476968155,24.203966324380104,5.86100386100386,125.4644870144087,23.749664216631235,5.0,125.53088964088258,1.0217472627855386,0.8660254037844386,0.7290799242066098
Series080_H11,HELA,mitosegnet,488.0,917.8021978021978,32.0,11163.68476746132,0.7505059658404294,0.7520491803278688,0.1041024235911979,0.5322336411186356,0.5244047619047619,0.1141665742932416,18.957034285353984,9.774125458192536,78.01177360906959,8.732031762062991,5.090400865633186,25.174428670529643,1.8489679649952309,1.6247380778307057,0.8359024687214557,1.2828206644769715,1.2092257453763184,0.3032517331917664,44.37501484882886,1.6195124481541714,535.1436159991467,402.8253731580509,5.970895009631748,4996.851213885057,402.8253731580509,5.970895009631748,4996.851213885057,0.7675442016812283,0.788146656133968,0.1446502994296419,202.1778186518221,22.849242404917497,2121.0552317642955,4.412471859686984,1.349594237041701,32.10269122783105,0.4912725919326943,0.4744466696919025,0.1731510573633423,26.46153846153846,11.5,80.48094548801053,0.967032967032967,1.0,0.9544637692575147,7.39010989010989,5.0,9.07154172225942,1.3946172571562263,1.2746095811429918,0.6223369708696598,51.90587202663768,28.0,93.43968907637972,13.387112156991671,5.833333333333333,78.17317592069583,13.013014883780524,5.5,78.20899132667256,1.08517237224037,0.82915619758885,1.0130834958565471
Series086_H10,HELA,mitosegnet,94.0,6198.308510638298,37.5,52139.964013002165,0.8011490590045955,0.8169856459330144,0.0960414263032989,0.5777701675002993,0.5685185185185185,0.101058568321682,36.90439549645033,10.038467996008952,156.60497489474866,21.571777707669835,5.889149684709025,93.37345771864072,1.6987777629727476,1.5698315018970452,0.5009891072320845,1.496077170915259,1.3466515878461711,0.6246279775109095,573.9965124877443,2.167671497470673,4927.561743146321,1617.9407855464551,6.299926538137579,13728.722427229686,1617.9407855464551,6.299926538137579,13728.722427229686,0.7404146439510594,0.7708237521776964,0.1501052249176868,818.1499609739087,25.417261889578032,5810.743825049452,10.624895349232492,1.3842847790505566,54.07513993831031,0.5496218764235097,0.5338984043986368,0.1738914107440802,43.52127659574468,12.0,159.57314928533054,0.8297872340425532,1.0,1.268591930703306,7.968085106382978,5.0,15.35498541791057,1.2178087516399752,1.1065394754740638,0.5683584055041581,71.70850652347679,28.5,177.45191726801295,30.570408625377524,5.75,157.2379075661987,30.288293757519337,5.104738891474847,157.28265951311943,0.8047313620470994,0.6998542122237652,0.6470078988633162
Series089_H9,HELA,mitosegnet,137.0,3028.9489051094893,46.0,17614.180408124135,0.7768547423091614,0.7796610169491526,0.1073811304509681,0.5563945798937061,0.5476190476190477,0.1318241788057249,37.45612684721304,10.820280361946692,105.48657734499096,19.64191702682218,6.710898033953168,54.15620087031617,1.8822286047915,1.5803463442777268,0.910026156925264,1.511739758508795,1.360657372944524,0.6335182848560529,207.4186873246625,2.814759526382281,1114.4521721344347,783.1487148972046,7.317404194445576,4341.049377542067,783.1487148972046,7.317404194445576,4341.049377542067,0.7534993327421431,0.7743376064200482,0.1591546313986243,574.2745408481293,28.00609665440988,2501.112941699133,10.566239503309577,1.4569130752367432,38.60098540874536,0.5176242862298929,0.5144639195970092,0.193537350363795,48.70802919708029,15.0,109.29436316088616,1.0364963503649636,1.0,1.2979982293020864,10.45985401459854,5.0,15.807239678579576,1.371723230089982,1.2738488846843494,0.6372325750813537,86.08481874210821,36.0,134.81891536233505,28.697318952622965,6.0,106.51235534870167,28.26365085889654,5.5,106.60527587403833,1.09809623071212,0.9797958971132712,0.9429109347590632
Series090_H8,HELA,mitosegnet,1024.0,113.45652173913044,33.0,462.1337307167294,0.7803331294908883,0.7944947209653092,0.1187407034602073,0.5636495568267601,0.5666666666666667,0.1272983097706709,14.202646452722732,9.886258471559591,13.87116016444038,7.86603688967227,5.350864442878311,7.381967277844472,1.8604290543273927,1.7092241105269097,0.6237662660031196,1.3536756155490468,1.2857311214911094,0.2630120538409526,7.272998577553219,1.7894932912101016,27.889020966113023,24.63276566053721,6.108645111778282,95.9763447987803,24.63276566053721,6.108645111778282,95.9763447987803,0.7748235190313788,0.8109880951769703,0.1485419975534359,52.76577063716513,23.22792206135785,131.1022747852158,2.204249209538477,1.2858108419655196,3.207346325899106,0.4976469633093734,0.4759513807057381,0.1793541185859897,21.407608695652176,10.0,31.00371903952272,0.9293478260869564,1.0,1.1611499213652725,8.429347826086957,4.0,11.582661686701476,1.2026621453291886,1.028801190969765,0.6731079249382567,51.26083753401701,24.5,71.70135022751785,6.623049292554608,5.833333333333333,9.877950476026149,6.293446229669184,5.274129834547875,9.9074606164363,0.9924992105399624,0.8733279878185748,0.8113739377230343
Series093_H7,HELA,mitosegnet,571.0,483.2868525896415,47.0,3311.3210753910803,0.7859738485355899,0.8064516129032258,0.1213957181635128,0.5644116891679164,0.5714285714285714,0.1205606478272869,20.24252268817984,10.689025577984914,48.721381064292814,11.29721841908675,6.699684618604189,22.10393281050657,1.720804958376117,1.5182410384933989,0.6468987717990156,1.4996852746613911,1.4195136101550594,0.3340663125118085,38.51318685624639,2.8053608742975973,274.8903254976672,173.97079359959417,7.140954237925984,1463.396972129296,173.97079359959417,7.140954237925984,1463.396972129296,0.7134532722526932,0.7524433749038854,0.1837187047720644,154.1611966598941,28.31370849898476,931.3484276634412,4.339895800284448,1.3418936219285793,21.02982152215537,0.5575100472965738,0.5460469253593686,0.2191546397717028,27.18326693227092,11.0,58.7765560806827,0.8884462151394422,1.0,1.443320228834808,8.888446215139442,5.0,14.738203668919406,1.1388145062411397,0.9962334643978168,0.6503720975849769,59.081230283173625,27.0,98.7480444592638,11.904273352102544,5.842105263157895,48.27561131718608,11.511509167635785,5.132946212902185,48.3246844307976,0.98738198706683,0.82915619758885,0.8210369394270113
Series095_H6,HELA,mitosegnet,166.0,2119.0963855421687,38.5,19265.16779286117,0.7792555742790819,0.7847490347490347,0.0994756280375418,0.5645783383158031,0.5577777777777778,0.100999168708238,23.893206136919108,9.977265443120846,77.5818520012099,14.74220983310858,6.085758631739036,61.22351700296176,1.7125512076476406,1.569568092095876,0.5604341229480189,1.4423821632759215,1.281534952654099,0.609176520623325,247.85323656095943,2.3148558003371305,2736.8075264863446,411.8643162149341,6.221635389120076,3485.12756888226,411.8643162149341,6.221635389120076,3485.12756888226,0.7380848904593522,0.7707660431547437,0.1558587089954327,435.2009430380889,25.003048327204937,3981.345704188542,8.087952917938061,1.3784563212145184,66.06235271242504,0.5414278542854378,0.5210578056012158,0.1808101143718478,34.48192771084337,11.5,84.49151400260624,1.0662650602409638,1.0,1.3404528194115486,8.939759036144578,5.0,14.379410814203174,1.4274449229706443,1.234844275394049,0.7546710866470031,65.73723870172883,27.0,114.52943521372076,17.614825904452623,5.833333333333333,78.00271371006238,17.21314231618665,5.0,78.06353271154107,1.0749777836649943,0.9287705377505208,1.0117232689531883
Series099_H5,HELA,mitosegnet,91.0,7162.648351648351,40.0,42866.26955020776,0.7933115978994688,0.7941176470588235,0.0977189691933704,0.5855770227142169,0.5823529411764706,0.1082732920588732,44.83028532567214,9.980798311639894,182.8239557491451,20.937701158054885,5.798954985001365,78.5381302102999,1.7046538659386403,1.552411517927166,0.5233599951251522,1.4706853195041016,1.3151340502591515,0.658182590768395,412.9140766696272,2.101742432379511,2722.647422092281,2214.647079884158,6.2260209336021095,13133.474328279504,2214.647079884158,6.2260209336021095,13133.474328279504,0.7518703450635579,0.7648915341713891,0.1261588606891664,1070.452602502406,25.899494936611667,6093.001260784361,14.475750162670863,1.2707164210332045,73.67682618767058,0.5450438206828311,0.5666722725544541,0.1707033440637567,54.51648351648352,11.0,188.5741386623567,1.0879120879120878,1.0,2.2949938430253387,8.714285714285714,4.0,20.690968308533577,1.28509752959929,1.1840118584731851,0.7320993409167149,84.72350713104476,25.0,216.7601469944812,38.54522480299013,5.818181818181818,183.64458338971,38.21251812005574,5.0,183.7039082494332,0.9238775200412944,0.8,0.7986282106958303
Series102-_H4,HELA,mitosegnet,350.0,991.1115384615384,66.0,5930.068313838377,0.7974987324984971,0.8239272880997675,0.128760253113489,0.568318197421572,0.5806824754193176,0.1404144500460469,29.911217375373333,12.098201460662516,61.48643614591463,15.315780459767648,7.713263848972056,31.373351930766837,1.834658669570334,1.6036335602889096,1.108960329894459,1.7022506858493098,1.681078832978255,0.3835396214268896,76.17877140397195,3.718402450241201,554.2845157202485,292.2039221751545,9.152705792442951,1511.2566551944742,292.2039221751545,9.152705792442951,1511.2566551944742,0.7153452013608486,0.7816466668807475,0.1933653507824375,271.5131481772901,33.884776310850235,1477.4278490515298,6.323069068746218,1.3860991269868488,29.30061893774878,0.5577514780446946,0.5327883202325527,0.2367283910154466,37.25384615384616,10.5,74.41761697324318,1.0115384615384615,0.0,1.785589091131233,11.096153846153848,4.0,19.44841264571147,1.0047698203795086,0.8664162488007681,0.6306010852065456,77.52336498002646,27.0,127.62892403420962,17.490432434053957,5.905698219901699,61.05137330201351,17.16759574925723,5.5,61.11347063763683,0.9021427878103876,0.8,0.9045839836095502
Series103_H3,HELA,mitosegnet,659.0,71.33668341708542,33.0,117.79840632930438,0.7622747745405325,0.7784810126582279,0.1162121559657268,0.5475654987593866,0.5476190476190477,0.1201071920373861,12.828019834321545,9.501461010539698,9.730746320947386,7.328876070435257,5.495448295265211,4.504670250087858,1.7355592939019608,1.6194638973472222,0.5547302689927565,1.3118415814221764,1.2617281506746023,0.1964695938281011,4.625279907364069,1.887496997870832,7.813481349584585,16.202844802023627,5.642360083425378,34.928150706932705,16.202844802023627,5.642360083425378,34.928150706932705,0.7462776763277456,0.7865800697564994,0.1526896225981278,41.23130385951504,23.899494936611664,49.8873263908316,2.0025396209669544,1.3475286267356898,1.9539389620029863,0.5191011660916469,0.5060790000248317,0.1868721719553527,20.91959798994975,11.0,29.788088541124367,1.015075376884422,1.0,1.149513276657907,8.547738693467336,4.0,12.44551875566254,1.3246150510165866,1.2391165267596724,0.5796198224253424,50.884815485810726,26.0,74.872196435502,5.923011346920465,5.75,0.6487943466132877,5.517981314956462,5.0,0.691889603742883,1.03819658118069,0.82915619758885,0.9187178821253528
Series107_H2,HELA,mitosegnet,686.0,356.60309278350513,43.0,3235.392348965271,0.8158824656208603,0.8294903926482874,0.1113683300737045,0.5910419801105522,0.6,0.1204999364970097,16.409070726800714,9.827945321401383,27.045131390123505,9.494657550565316,6.288684875549706,17.824611892952674,1.7627896733953736,1.6043020493332203,0.6713518409655965,1.5086394038039743,1.4069629758826745,0.3780335248178531,25.49158194605605,2.471736835479839,251.02210848820135,62.54354587663698,6.036822052009194,468.0076155528509,62.54354587663698,6.036822052009194,468.0076155528509,0.7273537048409744,0.7819596686568662,0.1794868693861452,100.50276134340322,26.210155108391483,690.564780264771,2.742488658304973,1.217837631027079,11.746104509861777,0.5661855413711261,0.5578118195858691,0.2089918494789098,21.54123711340206,9.0,43.38536085609846,0.7577319587628866,0.0,1.2592204307039927,7.994845360824742,4.0,14.051634319108308,1.0014775365746789,0.8697902427563104,0.6333063929542075,50.46170340066772,22.0,90.08343861532356,8.305616257823784,5.850333593210193,24.290854077234915,7.97974463778111,5.5,24.32400187974213,0.8864548759293267,0.7262313868432386,0.8071975443698005
Series109_H1,HELA,mitosegnet,191.0,2280.5078534031413,49.0,10955.873886001027,0.7706828500472339,0.782608695652174,0.0977090253307774,0.5532585559270715,0.5587937850510251,0.1172317505502812,31.66512903380661,11.219677019909804,75.82469632303147,19.16683863158736,6.737645240892413,47.45402796739939,1.798125912939301,1.5971931217056456,0.6381582967552221,1.5350768743439265,1.333135918385998,0.6662433284433583,163.70327959125208,2.8372414620075115,727.021787135738,422.004060575473,7.867572026943259,1989.953169335423,422.004060575473,7.867572026943259,1989.953169335423,0.7579845527790207,0.779744085570527,0.1475976953464686,429.1853008793621,31.17766952966369,1681.626613616055,7.907785016394304,1.5332852520431863,25.85862439770956,0.5126632103921613,0.5271995228676328,0.1730693167842543,41.02094240837696,15.0,78.56187464542178,1.0890052356020945,1.0,1.0865356613696977,9.544502617801047,6.0,11.705230344712062,1.405039399648834,1.2782459072378731,0.6039779761936185,74.53281416987161,38.0,96.66606821990688,23.689135261204203,5.769230769230769,77.06939936689406,23.291976473536533,5.0,77.16176033714008,0.9459890182762164,0.82915619758885,0.7516242331486352
Series022-_B1,BXPC3,mitosegnet,104.0,4402.038461538462,32.0,21013.30095619067,0.7540612110246717,0.7527777777777778,0.11405569732502,0.539825967750457,0.5238095238095238,0.1269363192407016,41.08798398514459,9.902196650056265,121.49369869795323,23.416143540565635,5.48831862067211,71.19738810486481,1.8266284292562909,1.6477421964393195,0.6327474110717299,1.40017979323266,1.241327400604229,0.5671554909989627,351.086490704195,1.882626519877011,1852.8448162550787,1028.058828204534,6.128352122679754,4632.038948496478,1028.058828204534,6.128352122679754,4632.038948496478,0.7626917629668406,0.7947709594720862,0.1560243977608457,896.8413260170253,22.899494936611667,4153.795364593052,16.072249922558097,1.2954105551128734,72.99690509804314,0.4899963129861175,0.4902835106258647,0.1737016218734652,45.375,11.5,120.95224641759052,0.75,1.0,0.6758185919540607,5.721153846153846,4.0,5.211777953622911,1.2826946118100897,1.136636267473901,0.6014925235051393,64.88129872808138,28.0,119.652668639637,36.7202748533939,5.788888888888889,122.51356654930578,36.41495257423522,5.5,122.59054572380728,0.9897832553499596,0.791014784865574,0.903900719842711
Series025_B2,BXPC3,mitosegnet,89.0,5424.348314606742,47.0,29103.55182312588,0.8347987344548056,0.8598130841121495,0.1211193187973909,0.6311361502335565,0.6527777777777778,0.1411638915434961,44.2069370705058,10.415402015270738,151.40375539832962,24.125051580928627,6.462247711689567,73.69263865046725,1.7320578782900988,1.5379281248459074,0.7079933907620354,1.6294127425803673,1.4905519612051916,0.4895115720115588,375.7889440656755,2.610040342952315,1815.594733351821,1554.834402117055,6.78003744623161,9497.718408496905,1554.834402117055,6.78003744623161,9497.718408496905,0.7223440419694858,0.7597413179036326,0.1661107479242145,1074.5040355282654,27.106601717798213,5506.0380351759,18.053488538749363,1.2381796678249155,85.74193068330983,0.5732926517737682,0.5817425480152493,0.1976811576298555,46.1123595505618,10.0,151.7574527131471,0.4943820224719101,0.0,0.7513821796539545,6.044943820224719,4.0,7.648029947345625,0.9966244135254556,0.8822606839144856,0.5412915293114966,68.21282632457697,26.0,153.01377937678384,38.46506144393518,5.909090909090909,152.43643063660275,38.20159036952079,5.5,152.49296139350048,0.7938914769143627,0.6871842709362768,0.7242858124811155
Series036_B3,BXPC3,mitosegnet,376.0,328.3675675675676,34.0,2514.614009394968,0.7561705176243089,0.7682926829268293,0.119757233972336,0.5346525057906063,0.5208333333333334,0.1216606483497092,15.990522250561536,9.987345646889173,30.659559702913555,8.850849470126011,5.560603772153098,17.878293324485696,1.8766819760181996,1.7532456186829355,0.5864668165372869,1.3123480483233465,1.27322528253373,0.256917985738273,24.873181783698733,1.9325196444302044,196.35115619040704,74.73158768888902,6.234192066902256,622.0140528307917,74.73158768888902,6.234192066902256,622.0140528307917,0.7813809119324854,0.8213873748463122,0.1481697212933015,95.8520922823535,23.556349186104043,539.5968807117586,2.928482649147124,1.3733486920436433,9.289434875856951,0.4745003840167007,0.4401408044740317,0.1824988563744794,22.65945945945946,11.0,40.48660412063883,0.9135135135135136,1.0,1.1357012745227155,8.032432432432433,5.0,11.50459494698024,1.2513263061251156,1.1635599672172354,0.643480706669269,50.9801585570077,27.0,74.72110779974281,8.97420447846137,5.913793103448276,29.998747390836897,8.634212611061749,5.5,30.03489993706881,1.0011484390312575,0.9428090415820634,0.7271007089474684
Series074_B5,BXPC3,mitosegnet,498.0,434.9825327510917,55.0,2895.953914331287,0.8252829423788913,0.8604651162790697,0.122235806102193,0.6110141171296168,0.6198347107438017,0.1349940711061551,19.520986182495637,9.907783860669443,42.92685966538281,11.591064777929509,7.536167774727547,24.51749242532567,1.636416594275204,1.44332813267492,0.5662858211292249,1.6258432055395835,1.5812010864135624,0.3769990203244708,45.96626359450372,3.5496140455526213,356.9129850461242,138.98651139179088,6.135261314358871,1077.2232691575332,138.98651139179088,6.135261314358871,1077.2232691575332,0.6916579063704325,0.7210883295600965,0.1839272886881471,125.87140358829735,26.72792206135785,677.9549015413235,3.311269103296599,1.1798985717760209,12.76893133803176,0.6030067069489291,0.6047856336390082,0.2239965163283871,22.18340611353712,8.0,48.25904883554925,0.6812227074235808,0.0,1.1209191051800906,7.379912663755459,4.0,9.828207244166853,0.9271252050359184,0.8093468736090561,0.6063997035764835,49.13009636995391,23.0,70.62718856542374,11.338316680937544,5.85,42.70084363480104,11.053677155980116,5.5,42.73812863417206,0.8158223253453653,0.7071067811865476,0.7573417876669806
Series077_B6,BXPC3,mitosegnet,868.0,1739.8446601941748,42.0,19698.83907784173,0.7848993730684862,0.7857142857142857,0.1231303666717389,0.5670344109348112,0.5603030303030303,0.1311197593861845,24.705415922807173,10.697322741671403,90.95515990449633,12.842592668603846,5.886883973103581,41.43507420363708,1.8607506963263185,1.7867792156427376,0.6027379751032554,1.4493235309344423,1.342650652906825,0.3502189552530807,117.6123475445368,2.16596334909714,1238.602917638552,555.1999180732118,7.152386635259416,6307.991497569999,555.1999180732118,7.152386635259416,6307.991497569999,0.7654314148060807,0.82871805390813,0.1686742965108435,418.63437762058015,26.588834764831844,4311.758125659221,8.730256006950034,1.4190397984042202,75.2257333300387,0.503974865314054,0.4563341046778923,0.2044913649347114,29.199029126213592,10.0,96.14614785122814,0.8058252427184466,1.0,1.4111776561534988,7.339805825242719,4.0,12.758057342196036,1.0494073106230453,0.9448706197135264,0.565933353093697,55.14379390108457,25.0,117.77067656740316,17.403055145936502,5.845238095238095,91.31600128158657,17.114667687492346,5.5,91.35269413419344,0.8567200878789171,0.7747184085721798,0.7538426808749789
Series015_M1,MCF7,mitosegnet,800.0,234.22222222222223,50.0,2891.457177713332,0.935811066986092,0.9622641509433962,0.0696590605980873,0.7271368964570473,0.78125,0.1007315546861678,11.86617392382974,8.29544835472602,30.18339345773186,8.677397057360348,7.637277350627047,17.138312696386574,1.2893598486547944,1.1324623989102125,0.3980354705265774,1.711629097912719,1.7421938417219804,0.214365444944311,23.063686360638208,3.645500333150056,323.2918074686657,65.74020776342672,4.3009039628704135,965.4576367121376,65.74020776342672,4.3009039628704135,965.4576367121376,0.5125084732714241,0.4693136738640604,0.1859264950888087,62.49932023759931,23.31370849898476,573.9425585595023,1.5976460547093043,0.8912456153011318,9.055446600656644,0.8071442700534444,0.8843457109671912,0.1795032286932902,7.026936026936027,1.0,35.790156487314775,0.1447811447811448,0.0,0.8699518365367356,2.6936026936026938,1.0,7.789554830776675,0.3562334260178217,0.1213993156434491,0.3884911305528049,19.20167104004734,8.696815939096538,55.50019024995158,9.189603570450972,8.237278725170151,29.52064481556828,9.115812454188754,8.237278725170151,29.529634364196312,0.2994270945123296,0.0,0.5563341972383455
Series017_M1,MCF7,mitosegnet,142.0,4873.711267605634,30.0,55142.953376333775,0.7640294091755513,0.7737271261970229,0.0959701762803498,0.5457159155621717,0.5428571428571428,0.1021444015856863,22.21831993849155,8.854170417255787,118.94468109329134,16.17270694193179,5.144815524852188,101.02043456398084,1.767827053796172,1.663164025124507,0.5345076234343314,1.2894272581555268,1.2098856488069911,0.5775419984963563,654.1677905828215,1.6543417090199422,7403.767606111973,915.093181329622,4.899771021471068,10405.66237832667,915.093181329622,4.899771021471068,10405.66237832667,0.7609763146972215,0.7990462833112623,0.1500430073187949,532.3702488506937,21.760407640085653,5483.684831098657,5.988669052900886,1.2454734406667427,43.84523126479517,0.5038304655573881,0.4915997173449058,0.157686049257948,28.93661971830986,10.0,121.35115004293412,0.8732394366197183,1.0,1.0802917898053328,7.176056338028169,4.0,12.154694969419962,1.3401656924194234,1.1843000906134693,0.6556032275273195,53.98449664895004,26.0,136.42087874914233,17.502497416118878,5.708333333333334,119.224378828746,17.192243127823282,5.0,119.2550911747963,0.948568161987836,0.7560470465903808,0.8167595137492294
Series021_M3,MCF7,mitosegnet,431.0,45.45783132530121,29.0,64.4410258466167,0.75204070554689,0.7416573971078977,0.0916811248397637,0.5396083274834984,0.5333333333333333,0.1073707813172212,10.624509898493455,8.75667186075934,5.580340951041308,5.940394090170255,5.198798850474345,2.902575154548928,1.8214395671504504,1.7621524653535363,0.5729331140506022,1.222106660284224,1.203067281782639,0.1821097135932397,2.732076529645901,1.6892324465106054,4.709089765176836,9.001275982065877,4.792456440366718,12.30615475773749,9.001275982065877,4.792456440366718,12.30615475773749,0.7677040537743316,0.8233746801970926,0.1555556069905502,29.305850223183583,22.8817279836453,25.81605970219871,1.5964636758811623,1.2896818427297,1.012634616842106,0.4891842789586664,0.4676751507486907,0.1672425029132585,16.180722891566266,12.0,19.17367961135456,0.9216867469879518,1.0,0.7362471089838033,6.506024096385542,5.0,7.727861491275256,1.3593168412294234,1.3055319134811831,0.5615085885272415,38.335102989254,26.5,47.23130367971631,5.8554074839560775,5.75,0.6407570825529391,5.46763310973592,5.0,0.7022854493608359,1.0306028089086612,0.816496580927726,0.8210750653993607
Series024_M4,MCF7,mitosegnet,92.0,8415.847826086956,34.5,74032.77975915905,0.7236040408057112,0.7197560975609756,0.1075485666276496,0.5091328258262113,0.5111111111111111,0.1078222411079411,33.3581252015438,10.1059008399515,150.505111297923,23.857897564886827,5.821673218872107,132.126704143857,1.796592954435829,1.6977023800840434,0.5263649850241046,1.3278856997314992,1.203754348794186,0.88106741640739,1126.666576508435,2.1211712667268534,10162.250151074626,1485.284565235129,6.383230407369828,12365.034700978302,1485.284565235129,6.383230407369828,12365.034700978302,0.7705741063914372,0.8080976047511257,0.1421245632169674,683.2023596222135,25.088834764831844,5083.928765737813,6.938838913478106,1.451350201357723,31.648291767682405,0.4668038565123197,0.4712458878974917,0.153278777465545,46.25,14.0,154.61717274835823,1.2173913043478262,1.0,1.5381106914181504,9.565217391304348,5.0,15.438731889117236,1.5860449540458192,1.4184777681726572,0.7142442591762421,79.33714262296395,33.0,174.60484727493088,26.47269430062478,6.0,151.0577519699055,26.005620883833508,5.5,151.12151268321767,1.2938981847794262,1.024890659167824,0.954347114833786
Series026_M5,MCF7,mitosegnet,504.0,410.01714285714286,31.0,4453.114610150371,0.7295180922364349,0.7419354838709677,0.1010330237629866,0.5098370677216042,0.5,0.1025111669672395,13.830545551716884,9.216366729020024,25.66677338181588,8.359350222496603,5.311488512601322,22.15665676729601,1.7889115783502278,1.6509876212322936,0.5991302304024938,1.2410761457553183,1.1839981443180445,0.3820921780755837,35.0497609528824,1.763244388718488,410.0034021148264,53.1292028807255,5.308838480236704,457.8603841595194,53.1292028807255,5.308838480236704,457.8603841595194,0.7557634750207674,0.7956945768148154,0.1569957276450155,73.51614631116712,22.52081528017131,442.0252213612625,2.2521009556562124,1.325538127929159,4.420230520490837,0.4813080054099747,0.4685490800573971,0.1684823886728854,22.17142857142857,12.0,39.3708272813301,1.04,1.0,1.1382191604180882,7.514285714285714,5.0,11.884134510397654,1.4540685849766255,1.3423152698432863,0.6403227196894757,47.91372233689592,27.0,77.29683373929127,8.506347391269983,5.894736842105263,25.18674655436321,8.06800805118163,5.0,25.23276719630382,1.128236024086003,0.9428090415820634,0.8354107297024009
Series038-M6,MCF7,mitosegnet,1596.0,128.337899543379,47.0,311.36402659391354,0.791261552622368,0.8222222222222222,0.1266132121010353,0.5742047853573568,0.5909090909090909,0.1300162417004157,16.351689703770667,10.316796132348212,17.826941649111234,8.866762956765626,6.702698986878468,8.018205638024863,1.7866939159010908,1.6607472538759662,0.6082870834745753,1.496557343565078,1.4555020268092576,0.2713978553956758,8.931944186570298,2.807885856793852,27.70957738833157,36.57360029557602,6.65226765227719,132.99872212557386,36.57360029557602,6.65226765227719,132.99872212557386,0.7487183145071712,0.7983915865887828,0.1648889843842191,60.85769530797316,27.485281374238568,127.64113664553793,2.414341893345974,1.2646961620692054,4.191489354937824,0.5346450531400213,0.5234591156449642,0.206845343888976,23.45205479452055,10.0,43.03700470893197,0.9908675799086758,1.0,1.6852594005983477,9.315068493150685,4.0,16.712347481088408,1.0892454543723264,0.9774388934180068,0.5668464041739817,56.66495486784571,23.0,102.01306575083458,7.133144495899239,5.809523809523809,12.221804377742346,6.820206009398215,5.0,12.26035654032734,0.8801640225945556,0.8,0.7145169705674962
Series040_M7,MCF7,mitosegnet,497.0,4553.38125,26.0,56650.27799632495,0.7494651165947873,0.7663120567375887,0.1132175747038088,0.528196259152048,0.5277777777777778,0.1199159556566154,19.99731599616268,8.551372683844786,99.45559434704948,12.841790668768155,5.022655481013628,79.76557712015662,1.8017463230855169,1.6548597330543662,0.55188145875872,1.2687404895334116,1.2021180308462371,0.5392771932287327,407.9661800557571,1.576693950093266,5095.268800355383,643.2067433734526,4.570743161215868,7909.446630211513,643.2067433734526,4.570743161215868,7909.446630211513,0.7707585422163945,0.7967436764273321,0.1397361276670643,450.5862273124505,19.899494936611667,5191.581609259478,5.026910585855912,1.2452983776123951,37.82662755742554,0.4921370235807384,0.4895495239852959,0.1776692507658058,30.40625,11.0,105.68788346323102,1.175,1.0,1.282331860323216,9.0,5.0,15.47578754054216,1.407431843280528,1.290359853061338,0.6731514761809679,61.4799427655074,26.0,135.46865058501825,13.661691945793796,5.666666666666667,99.42073003641792,13.258067765507388,5.0,99.45271228277812,0.902568451082714,0.7999999999999999,0.7090553872108217
Series042_M8,MCF7,mitosegnet,1025.0,215.56502242152467,38.0,2002.5750360273812,0.8276505167778287,0.8611111111111112,0.1100266294242455,0.5969836711627285,0.6071428571428571,0.1142044600980984,14.57289255524748,8.73928900729649,28.13302070328521,8.408780389509456,6.192638348196795,13.998386990432358,1.649175665818568,1.4176108184893703,0.6213853972105061,1.4928100073512798,1.4337819894029569,0.3364705052321509,16.66640162330654,2.3967981069723456,177.43169964804508,62.73975320739136,4.77344827206583,655.2991814638666,62.73975320739136,4.77344827206583,655.2991814638666,0.6952328783414691,0.7087972872883234,0.176669276055282,66.55038173237773,22.72792206135785,399.321041458596,2.0951033329737294,1.0954542374429754,6.411162017248092,0.60383522145505,0.6181758283620368,0.2098484405458927,18.48878923766816,8.0,40.99467984585437,0.695067264573991,0.0,1.304123460397742,6.856502242152466,4.0,12.373378060443986,1.0019084229049688,0.8797515048810451,0.4894336287021255,42.829003477648456,21.0,80.2050461287266,7.696644113704292,5.76,26.053886070828717,7.3940258991731165,5.5,26.07623351382272,0.8316767965891568,0.7637626158259734,0.7132072071807198
Series005-_H20,HELA,modl,204.0,192.33823529411765,117.5,196.19312791232792,0.8706213204677798,0.8826398852223816,0.0738664204386395,0.6602887155244808,0.6666666666666666,0.1210998886066449,18.968482006616444,16.722543020724856,10.685670549402031,11.620412569663236,10.24861359062413,5.642070741663791,1.6431409472028686,1.5601111416285676,0.4742374216689491,2.2123003703409183,2.060509497486168,0.7472908407353936,10.429184408945376,6.564670679112412,10.20735893592806,29.624179045355607,17.478460371029456,35.86781335312717,29.624179045355607,17.478460371029456,35.86781335312717,0.7228851196305794,0.767557116072895,0.1668026836492097,55.06905625487629,45.55634918610404,34.342610497157,1.4395552887312877,1.2977647417249956,0.4963065039798761,0.6019291111886176,0.5921835089752919,0.1641534681510357,19.602941176470587,14.0,17.149692479277718,0.553921568627451,0.0,0.7154008294583508,8.607843137254902,6.0,7.326632673222758,0.9226592442905096,0.8870659439798199,0.398254991077235,51.91030418421754,38.0,43.82099877165265,6.206047377024373,6.0,1.1171844028196842,5.8808924195116665,6.0,1.177698219098558,1.1131848929737256,0.9428090415820634,0.8061276987274467
Series011-_H17,HELA,modl,123.0,174.3008130081301,99.0,193.17315771381809,0.8713803708333033,0.8888888888888888,0.0683641726102689,0.6537093689213207,0.6666666666666666,0.105724988418586,18.03998544776124,14.526011582222871,10.525124746260122,10.917566864000062,9.253096610597597,5.227561069690844,1.650381115972295,1.550871670391598,0.5243473823108151,2.1348685098071725,1.9996478743242092,0.7251246797228111,9.157541310453713,5.351237305315796,9.495003968501734,27.263707867485905,13.187813280429566,36.11048988589981,27.263707867485905,13.187813280429566,36.11048988589981,0.719205033735943,0.7643524495879966,0.1662587681123882,51.94925266006405,42.38477631085024,33.557517448787124,1.4268106562676908,1.327850596165994,0.4929280508065557,0.6088134175592954,0.6070836810895918,0.1681792381418517,17.804878048780488,13.0,15.743192379118693,0.5203252032520326,0.0,0.6789469787353809,8.284552845528456,6.0,7.059008342805151,0.8920851280578372,0.8519042728367592,0.3641140202346636,48.83543248717081,37.0,41.37927447971267,6.058798298441651,5.821428571428571,0.8469554837575508,5.7663267961139,6.0,0.90673024955353,0.9254570037239236,0.82915619758885,0.7184996688355206
Series016_H18,HELA,modl,135.0,240.1925925925926,144.0,256.83776393312445,0.8637661297444368,0.8723958333333334,0.074655891995132,0.6483583165598991,0.6564625850340136,0.1148690687304726,21.351955521461807,18.789124824555746,11.859415456416391,12.883913724258026,11.456033323910232,6.627244351043298,1.6747011274871832,1.5542163290796638,0.5219168405175398,2.367201818177436,2.184863963148973,0.8198761649606858,13.119725033909974,8.202543719908856,15.06456194539894,37.28448372239821,22.064450729546053,42.53420946951863,37.28448372239821,22.064450729546053,42.53420946951863,0.7372402232153145,0.7655208604617285,0.147362384632312,63.509283007575895,51.83452377915607,41.42531715539914,1.5293504891387113,1.4287086754576028,0.522821740721177,0.5895009681124225,0.5953455193421388,0.1575617434271284,23.79259259259259,15.0,23.154583994214413,0.674074074074074,1.0,0.8058088150205874,10.28888888888889,7.0,9.602365963592796,0.9724300455913896,0.8636375780789373,0.4375143486381003,62.28974008785927,40.0,58.358055840588605,6.292159178844915,6.0,1.144879742616168,5.926777124896304,6.0,1.215460508513579,1.1999118565419729,1.0,0.8987429977419972
Series027_H17,HELA,modl,92.0,172.9673913043478,84.0,186.7350745497689,0.877814004696528,0.8850160256410255,0.0554011919283546,0.659880960440227,0.6418620079610792,0.1052623091228503,17.566124401816484,14.1743198310324,10.056823139164417,10.770299457967472,8.375968552615234,5.8501581406230585,1.6708924099781586,1.5358849004013664,0.5317088233493859,2.159198776937753,1.818957737899916,0.8192548785544396,9.388981292787044,4.384904774468361,10.433399079726732,25.606776134532844,12.557018399741157,30.27714924671646,25.606776134532844,12.557018399741157,30.27714924671646,0.7457082274759032,0.7589882082923197,0.1244885545070678,49.80459601068298,37.55634918610404,31.84318864001202,1.3543454910781674,1.2397243738865191,0.3799074332194752,0.5973471829200353,0.6049385544895576,0.1430119466041038,17.5,12.0,14.527709655210176,0.4782608695652174,0.0,0.616410733859036,8.326086956521738,5.5,7.092722381078176,0.9067151193976112,0.8362312936056551,0.3172483243310147,48.92627043941047,32.0,40.56793769434333,6.179414614832385,5.853571428571428,1.4743318815004025,5.893661743758292,5.5,1.5527249546481785,0.9775099068331052,0.82915619758885,0.6806836248774605
Series050-_H16,HELA,modl,252.0,333.98809523809524,165.5,464.4332309910143,0.8759774880593244,0.8935439560439561,0.0678370401281273,0.6608317243721097,0.6666666666666666,0.1126425029310491,23.62411023049145,20.306029864061827,14.477859227505974,14.570150739433297,11.714959634242875,9.765487844688309,1.783147817895359,1.5969142014645756,1.2571362094648466,2.670230759589571,2.3432965459524286,1.2445616635844208,19.228377838410225,8.579520464851187,30.75566515347848,47.98168699961818,25.77092890644976,63.43613095054173,47.98168699961818,25.77092890644976,63.43613095054173,0.7402168031708076,0.7796555223926818,0.153067544144701,70.0626614416387,54.35229073212243,51.450494915944,1.4791555753634045,1.3722259856508412,0.431958265561523,0.5864588402631887,0.5805465690133893,0.1619841507797019,25.34126984126984,18.0,23.24359024067478,0.5992063492063492,0.0,0.7881056282184062,10.384920634920634,7.0,9.903435089957563,0.959252390249594,0.9280652066375774,0.3981921431508542,64.42955222531992,44.5,58.397897627058256,7.695840251024377,6.066843943463017,9.252526296812569,7.292647463415161,6.0,9.321864324032124,1.2423635326886673,1.1021114467420166,0.8649269138216287
Series056_H15,HELA,modl,122.0,421.4672131147541,256.5,546.549447081733,0.8724658308921509,0.8848247132143634,0.0617588802315123,0.6550471366205045,0.6468653250773995,0.101445027330171,26.680279245176862,22.929881866487985,16.238149731295934,16.557432767354396,14.778180450861475,10.613860517668217,1.822837579745049,1.556876645195486,0.984841184413917,2.9121894838247537,2.78608312501531,1.2705872543749652,24.175163433373587,13.649739195141043,32.44918720520162,60.96967545603758,32.86144166414662,87.89328148579521,60.96967545603758,32.86144166414662,87.89328148579521,0.7526062274590413,0.7664429445045738,0.1362907122927817,81.48269162655974,66.2842712474619,62.39215161941365,1.546639477511229,1.4368548770319565,0.5041449623883798,0.5784405125658469,0.5939122029439545,0.166807628887532,28.22131147540984,20.5,25.14760109638657,0.6475409836065574,0.0,0.8485487239074337,11.36065573770492,9.0,10.329065764627895,0.9509464406311944,0.9340920144905424,0.3593606498847039,70.90700897325468,55.5,59.89466218860103,9.091789510701396,5.919871794871796,14.497885864605186,8.640615530631718,5.5,14.593814011631242,1.3267751851864944,1.0395531075984563,1.0826347326422816
Series061_H14,HELA,modl,144.0,304.65972222222223,152.5,401.9657628316269,0.8768788029142006,0.8958067262664964,0.0629906789004554,0.65912670511231,0.6680916552667578,0.1065858542569038,22.00439955817671,18.304242127709536,13.329558575293817,14.361274362493528,11.158379464065822,9.046350957948365,1.577184078011055,1.471414248613416,0.39226196721034,2.6027614085410664,2.3137184081530178,1.1793172790907989,18.0051666855742,7.781839547886968,26.059798191592343,41.366920733004775,20.9405595023054,52.654336709094345,41.366920733004775,20.9405595023054,52.654336709094345,0.7156744454479537,0.7335603627380207,0.1410386788642124,66.2418642910883,51.50609665440988,47.43972579131734,1.4305351336666845,1.320421644865847,0.4285555572004328,0.621031512590882,0.6224405068538572,0.1489954884522917,22.416666666666668,15.0,20.93259685540977,0.6527777777777778,0.5,0.7666616344440323,9.97222222222222,7.0,9.724642555873515,0.895439478850514,0.8091610409880132,0.3718529449837516,59.63933397132013,40.0,56.52695051587612,6.540839489444497,5.930047694753577,5.553446677279662,6.194889526875698,5.75,5.59720132696262,1.129210184800368,1.0301575072754257,0.7329180324397656
Series066_H13,HELA,modl,317.0,232.61754385964912,125.0,350.6018049826972,0.8712332103991541,0.8793103448275862,0.0669633071535024,0.65406184016771,0.6458333333333334,0.1039887168252585,19.267538383607054,16.4211518309497,12.406305533164382,12.40571510000348,10.226284381778326,8.422950618728082,1.5866951056733185,1.4909866655235926,0.4241232161077015,2.297686391437556,2.1148325786537256,0.9994682672417596,14.052991516749133,6.536055766062708,24.66996299931237,32.82215327162476,16.85338921594392,47.8230734908893,32.82215327162476,16.85338921594392,47.8230734908893,0.7118215171926264,0.7417316154398486,0.1525485146046367,57.94513414175871,45.72792206135786,45.88497433579458,1.4316091186855286,1.329308504049439,0.4840378522232699,0.6181089934191548,0.6244750515994949,0.1568363850417789,20.83157894736842,14.0,19.843237903360965,0.5754385964912281,0.0,0.7049401372505343,9.192982456140353,6.0,9.083315332010931,0.9456162829270168,0.928548786482628,0.4033668025665934,55.350126814326245,40.0,52.66912208174419,6.937267820748733,5.916666666666667,6.926116360949644,6.6062671652034375,5.5,6.98195797934038,1.0239582957061877,0.9428090415820634,0.7542067980531099
Series073_H12,HELA,modl,111.0,663.9459459459459,163.0,1339.6349633075413,0.8758397327531381,0.8924581005586593,0.061649377431417,0.6598388019887802,0.6666666666666666,0.1077449194864827,29.090610289530968,19.75669665260893,23.42190969045946,18.84826619544378,12.525129761151902,17.042592587014276,1.8076138609236283,1.5463533421342257,1.821683941064936,3.2612838102154256,2.409721427481705,2.299233623344122,40.35669379132894,9.80492972085582,88.37931189070339,87.17809128533774,24.39544141395056,158.528226411156,87.17809128533774,24.39544141395056,158.528226411156,0.726075236603499,0.7627591018263646,0.1502480557182014,88.38135078570389,56.48528137423857,82.65627752247391,1.4639776958467068,1.3632391627779965,0.4082694229846946,0.5976602452272094,0.6108076184273001,0.15658978755386,29.31531531531532,18.0,27.53277554851818,0.5135135135135135,0.0,0.6557419958586611,9.576576576576576,6.0,9.216660931737836,0.9335326621440448,0.9522482334770652,0.3440934263739604,65.49269479710695,49.0,52.51022383868712,14.098335395072567,6.076923076923077,24.255477605627316,13.758460562872717,6.0,24.36627970084979,1.0918610597742704,0.816496580927726,0.9708806876360776
Series080_H11,HELA,modl,193.0,145.83937823834196,87.0,149.0203244601356,0.8843326856818533,0.8974358974358975,0.0666214792062277,0.676030148691071,0.676923076923077,0.1067705380869958,16.140708192839472,13.272704437196518,9.02185083727081,10.176981180688829,9.074380680175151,4.902546532198216,1.594698310164301,1.4776489134292936,0.5117753159342265,2.057467065958406,1.8668486985617472,0.7069004318910097,7.975369278278958,5.1465240455460055,8.010434770614049,21.36976584352246,11.01029269232351,25.02554195855081,21.36976584352246,11.01029269232351,25.02554195855081,0.7114928619879678,0.73621221933667,0.1434674558586255,45.11758720994663,36.970562748477136,27.007675854577545,1.2942905016588306,1.1951012240309191,0.3771390544591797,0.6287526311479722,0.6293085366691282,0.1622405933007341,14.155440414507773,11.0,11.80263797411426,0.4145077720207253,0.0,0.5614534166418143,6.4404145077720205,5.0,5.309862154294908,0.8053341101761723,0.7766632195237145,0.3386411969639084,38.37247275833658,29.0,31.139088777754697,6.30050036150107,5.9375,1.8087073172261068,6.009778457818442,5.5,1.8861523305640189,0.8571032013534533,0.7856742013183862,0.6749115315366657
Series086_H10,HELA,modl,86.0,117.44186046511628,84.0,107.7297010125787,0.8603493102154748,0.8746428571428572,0.0700197210953572,0.6464031249893906,0.6478365384615385,0.0998240439138748,15.019798130602917,12.929816028581476,7.286545883501379,9.38441179296354,8.93166413967683,4.086096439930672,1.595398414186607,1.524880963428362,0.3658002810061286,1.889088021781276,1.8507462094269496,0.5112764007788855,6.547710551020459,4.986252292571964,6.616549376367455,17.418005424777114,10.450438399536868,17.16487787892117,17.418005424777114,10.450438399536868,17.16487787892117,0.7272864537101893,0.754943874164079,0.1409606924419355,42.66735206887542,35.33147545195113,23.602747577761782,1.3658262178465992,1.259969844426935,0.4501078245877619,0.6070116953924874,0.6038502848131467,0.1396628434066551,15.209302325581396,12.0,11.610056065275126,0.5,0.0,0.6241272976892857,7.197674418604652,5.0,6.019000472229125,0.9460782523193316,0.8715705114139694,0.3649870611401704,41.96141057421316,31.5,33.79144255043185,5.980636896946729,5.954545454545455,0.6872030074727573,5.624201271887585,5.5,0.7860242024690763,1.0222934285934946,0.8543377461269626,0.6645974808108529
Series089_H9,HELA,modl,268.0,149.93283582089552,96.5,165.43410546246827,0.8634557624287299,0.875,0.0704378761550417,0.6453028967767787,0.6441919191919192,0.1129713250925392,16.89606928575857,14.873992795652072,9.020906943012234,10.221801668357854,9.088003025447607,5.084961943271324,1.6869551180609907,1.5625456201911652,0.5318866517790719,2.0141112427732963,1.85311563942649,0.6887037199334819,8.146379206985069,5.161987909051821,9.33853816858405,22.92836996147753,13.827252990225947,26.838090120906124,22.92836996147753,13.827252990225947,26.838090120906124,0.7456247053297732,0.7683904681948919,0.1350255224306409,48.09118245473294,40.14213562373095,29.133544990395063,1.424132733269302,1.3110959715090047,0.4464545687162741,0.582893975188879,0.5829910981940787,0.1506022777342452,17.05597014925373,13.0,13.87069288369315,0.5261194029850746,0.0,0.6133379561298112,7.727611940298507,6.0,5.974171919024961,0.9269017419080908,0.9224829296202586,0.3399516782912308,45.87644705226693,36.0,35.44169255079013,6.057075476330893,5.857142857142857,0.8179292059692642,5.710402276147532,5.5,0.9015463238939386,1.0670114078642876,0.9031405261607404,0.765645205587577
Series090_H8,HELA,modl,82.0,110.1951219512195,82.5,86.47253039428189,0.875444853606968,0.8849306431273645,0.060824899372839,0.6647883791978758,0.6619047619047619,0.1015472134504886,14.669959354239456,13.612488131174764,6.898171382391463,9.000575301951452,8.681331702386503,3.803016310723863,1.6650429452120918,1.5433855651772117,0.4687625844956241,1.8859811115502487,1.8380372461674772,0.5190653912477202,5.967080551608141,4.710674288283345,4.734613063668261,16.424529742242644,11.581325796942265,15.365033040627887,16.424529742242644,11.581325796942265,15.365033040627887,0.737945680804334,0.7616965211916586,0.1449767591515741,40.7914616326111,37.57411613907041,21.09304040908991,1.324189692250434,1.2332689168593385,0.3806304899725714,0.6006981062136619,0.6138105401976868,0.1555200443532456,14.109756097560975,12.0,9.488126209368309,0.4390243902439024,0.0,0.565201474451535,6.548780487804878,6.0,4.590957281079018,0.904746116383396,0.877188812013135,0.3046813504638847,38.487535249185406,32.5,26.072024806896096,5.991963261748046,5.857142857142857,0.6130360564851801,5.737535249185404,6.0,0.7089667933161712,0.9347751904361384,0.814578098794425,0.607709420978337
Series093_H7,HELA,modl,116.0,179.6293103448276,117.0,180.10464056957775,0.8661464142941768,0.8712078387035991,0.0627609524873964,0.6522411242767506,0.6556651069518716,0.1046792562504924,18.76747851627636,17.42028746763907,9.889509744018454,11.353710933634948,10.201420242365732,5.192341107707476,1.69030323186499,1.5436632259655094,0.5249360346371766,2.2149001880644814,2.087211773046215,0.6906385594886372,9.74169738395817,6.504312391752173,9.37681040486744,28.12629080224567,18.968004029916948,37.42034034889693,28.12629080224567,18.968004029916948,37.42034034889693,0.7366058370861179,0.7617841592682371,0.1517725565568405,53.40831091518136,47.47056274847714,31.278161005056408,1.423902007321963,1.3824444574835812,0.3895450004237847,0.5913639150957538,0.5864819021391906,0.1652597982899364,19.46551724137931,15.5,16.762762011366227,0.5431034482758621,0.0,0.6213478311135308,8.689655172413794,7.0,7.463028174693322,0.9458372970281922,0.9578042703253754,0.3811210191754611,52.08198569975557,42.0,44.37678302595143,6.129351703991523,5.904545454545454,1.0021430920567531,5.767330527341775,5.5,1.0921765323844193,1.1203071534995288,1.0,0.6957780427668497
Series095_H6,HELA,modl,155.0,111.90322580645162,60.0,164.21299206758192,0.8645105754506083,0.8695652173913043,0.0776700119449565,0.6530150294447258,0.6611111111111111,0.1185248751614946,13.968893313016087,11.534992020336093,8.517272638161037,8.635286457321985,7.323229545801043,4.976794700812183,1.6404137609485507,1.497040839290929,0.4776586686041712,1.7989073848631831,1.594917471493991,0.6672531543372742,6.208541105877544,3.3518556862808344,9.417330587670154,16.72961959894952,8.31600255682608,25.24585137340314,16.72961959894952,8.31600255682608,25.24585137340314,0.719543246427424,0.7441752320796112,0.1601267788488516,38.8047267390304,30.72792206135785,27.93746190338261,1.303530885422923,1.188612065501216,0.4349379895774858,0.6072999495189441,0.620631118180845,0.1731269520246375,13.419354838709678,10.0,13.331442807352188,0.4903225806451612,0.0,0.6850264128223875,5.987096774193549,4.0,5.696617102280053,0.8694317398114249,0.8419215219066137,0.3717126894503965,35.5143877259781,27.0,33.72475935455152,6.073086074698742,5.909090909090909,1.1020034473710365,5.8434199840426135,5.5,1.2201630096249274,0.8461112594081638,0.7637626158259734,0.6314210260459997
Series099_H5,HELA,modl,137.0,173.91240875912408,128.0,163.08201664374903,0.8625744306091236,0.8731117824773413,0.0600180272804693,0.6502941246967413,0.6517241379310345,0.1001922661715399,18.134921410952707,16.456363738676423,9.067433992402016,11.382036245818188,10.526304881526222,5.238138446086686,1.644699716756742,1.4728251768289573,0.6042207431556669,2.1662492901695725,2.069640853111742,0.6532060701555422,9.811802717593157,6.925193403677673,9.457887688610798,25.69335836174991,16.925744218726514,28.181721006844555,25.69335836174991,16.925744218726514,28.181721006844555,0.7178511870398221,0.7341685969762227,0.1524141367389658,53.27812638671123,47.21320343559643,30.868476396412294,1.4588779947229735,1.3733965314342356,0.4459977169537364,0.6098311935044075,0.6378372599682589,0.1628601665520113,19.21897810218978,15.0,15.600727724214275,0.6277372262773723,1.0,0.6941602001733571,8.299270072992702,6.0,6.918044704459491,0.9776432001549148,0.9231312433703576,0.3839233438278965,50.0212364922278,39.0,40.55141215683778,6.320475808845714,6.0,1.5357971431985185,5.999338682008821,6.0,1.6000038777373524,1.0797753009688196,1.0374916331657278,0.6876418810795333
Series102-_H4,HELA,modl,79.0,110.55696202531644,66.0,139.98650448836838,0.8700450174133543,0.8793103448275862,0.0700820054471363,0.6622010724459451,0.6733333333333333,0.1085231878838236,14.366425449775956,12.104098292922403,8.929219888760985,8.552028006112215,7.221182300902742,4.269552278298978,1.6934855124799213,1.5048289326926865,0.5760926728924517,1.8161524264513775,1.6888899632658785,0.5934395843933346,5.71039122965348,3.259092113929438,6.329281323732372,17.882821751613434,9.156824717795445,28.608048483015327,17.882821751613434,9.156824717795445,28.608048483015327,0.7311324320839857,0.7472639332600813,0.1462350694486772,39.14439784588526,30.86396103067893,26.408081631996204,1.295062059916877,1.1971453483932737,0.3973723724911013,0.5979024360226505,0.6121505786394056,0.1696809522700262,13.69620253164557,11.0,11.981372071614944,0.3670886075949367,0.0,0.5775814960278397,6.2405063291139244,4.0,5.779087549794327,0.8778574731217164,0.8862647555098593,0.3367800104204026,37.204706669788365,25.0,32.98358360382188,6.252392650610321,5.916666666666667,1.341207098761677,5.957871226750391,6.0,1.3664132957073234,0.9488697211362258,0.82915619758885,0.8036412454221376
Series103_H3,HELA,modl,225.0,144.54222222222222,109.0,136.64744334541905,0.8482307997118768,0.8571428571428571,0.0771431861367412,0.6284865256179354,0.6209150326797386,0.1127332683277517,16.64485008973212,15.37430891091155,8.089664002416672,10.492100871634634,9.75234928417202,5.053018527168357,1.6680423735393408,1.5234130425681736,0.6684293897845582,2.0069776118508367,1.9159503660121036,0.5939042114977973,8.476073558528933,5.944269785030658,9.055886016681391,21.405856136353226,14.773085905508392,23.0367425182557,21.405856136353226,14.773085905508392,23.0367425182557,0.7236992952754919,0.7543949498347787,0.1522610788612532,48.96899355936815,43.59188309203678,29.143387707787173,1.4766841223340668,1.3381915384100984,0.5062296457567822,0.5980429716015706,0.5934606117734812,0.1702930458149951,18.55555555555556,14.0,15.967961750616007,0.6044444444444445,1.0,0.698555829489369,8.444444444444445,7.0,7.207266566322124,1.0155300720411575,0.9443193071278322,0.4283316026294769,49.94137829471935,38.0,42.18506473773165,6.046727605127714,5.8,0.919850813064085,5.688044961386022,5.5,0.984540320326837,1.0690168187113438,0.927024810886958,0.7200818933092383
Series107_H2,HELA,modl,54.0,71.79629629629629,54.5,58.29788752593255,0.8881218996240053,0.8949874686716792,0.0661159166174947,0.6720734885316558,0.6891608391608391,0.1221168027285095,11.64741421868782,10.181353566973128,5.614218220699194,7.47350425294459,7.020046346317754,3.079343802389153,1.5774024494410823,1.4260535489475887,0.4742961448435787,1.680657236361596,1.6445844213044225,0.3912853851020098,4.083476504505837,3.080065747753195,3.963510359262832,10.448856513207632,6.47966109786074,10.778836463061545,10.448856513207632,6.47966109786074,10.778836463061545,0.6996235889163472,0.7129113540290373,0.1560571207775531,31.2930094433164,27.19238815542512,16.66738114619358,1.1715135167969604,1.0840628291933911,0.3486776351016361,0.6403065136100756,0.6585413020436481,0.1566993765802127,9.814814814814817,8.0,7.351175451671794,0.3148148148148148,0.0,0.5383126612499494,4.666666666666667,4.0,3.018461712712472,0.7882832737962272,0.8256519837840908,0.3118526878848319,27.302711537549072,23.5,17.632486956108693,6.050808245368007,5.761751345948129,1.123476889905216,5.849007833845373,5.522349116888544,1.2161345081018935,0.6311353628665199,0.4898979485566356,0.4713056989886905
Series109_H1,HELA,modl,250.0,119.588,78.5,136.86741853341138,0.8553312118296947,0.875,0.0768033888788592,0.641268297255861,0.6446280991735537,0.1161317262030481,14.775115065495752,12.957353183523178,7.8734721214679,9.441636990975253,8.36386344161674,4.601865228893878,1.5852729703565338,1.444576638442712,0.433874766252765,1.8692315615408024,1.7377992260890185,0.5722257318251474,6.895104540890921,4.372140386665265,7.9832544328495665,17.51847427788574,10.493312647800284,21.70706464524832,17.51847427788574,10.493312647800284,21.70706464524832,0.7120017658932352,0.7216613109452952,0.1441282819475977,42.87414470977016,35.65990257669732,26.819634474050822,1.4000303213441336,1.2475578631589388,0.4868227144239545,0.6165393766792003,0.6288190355040805,0.1594301463921266,15.724,11.0,14.126847631371977,0.56,1.0,0.6053098380168622,7.084,5.0,5.9367452362384565,0.9603771236058996,0.9121226275843556,0.4061018714677405,41.773649360047365,31.0,35.618308733680706,5.929763054685372,5.793939393939394,0.7263617987287814,5.649649360047366,5.5,0.80570466828571,0.911685107948032,0.7560470465903808,0.7036537459161174
Series022-_B1,BXPC3,modl,117.0,103.96581196581197,75.0,102.64526347196738,0.865850137100846,0.8743961352657005,0.0676024018258083,0.656682135438209,0.6517857142857143,0.1113117047373426,14.024249761732628,11.748398877267933,7.229571822733057,8.736126649524303,8.134756145854189,3.96431901330712,1.6472798869021126,1.5493008170349545,0.4884174191594132,1.8158110428401029,1.7639947327747725,0.5071725486779638,5.7522333797373175,4.13589109703203,5.740856005368059,15.55914313246959,8.626554761211901,18.731886824357733,15.55914313246959,8.626554761211901,18.731886824357733,0.721323383422107,0.7638004592648748,0.1606423891171617,39.14104288634755,33.69238815542512,23.475020654503943,1.3096172590286037,1.2058815736189297,0.3998224729582442,0.6076773303866653,0.6007712623006802,0.1686164248325746,12.931623931623932,10.0,10.843664892600518,0.4444444444444444,0.0,0.5765272462919675,5.743589743589744,5.0,4.385589935180092,0.8500453899965573,0.8396542946171615,0.3402545015095706,34.24944868811541,28.0,26.20579492940312,6.156764033588648,5.8,1.20583123119907,5.847739286406008,5.5,1.260738901239448,0.9502627331587268,0.7726181304565692,0.7883126511196599
Series025_B2,BXPC3,modl,91.0,97.02197802197804,77.0,77.76987439311185,0.8680231378282465,0.8775510204081632,0.0665658655995958,0.6432419160148132,0.640625,0.0978705311036272,13.71847845269301,12.817264813225693,6.1511407079129485,8.759542954520358,8.62821804189341,3.297798476696636,1.5944697081941015,1.5385867294203277,0.4196578427467378,1.8209461635767328,1.8035467000747916,0.4617146306229758,5.475316722811868,4.652884161153434,4.145929939806726,14.127073941596636,10.26764233077209,15.049885202678215,14.127073941596636,10.26764233077209,15.049885202678215,0.7216520310506763,0.7599794423153563,0.1402329278812486,38.09585967434036,36.3492424049175,18.577288278279237,1.3065376350821785,1.2391948637621135,0.3924845915667795,0.6109267964602552,0.6042065199743702,0.1459622270849812,11.857142857142858,10.0,7.53974294686938,0.3736263736263736,0.0,0.5272435400393476,5.527472527472527,5.0,3.5404744803413783,0.8530210822361306,0.7935690699512501,0.3229957777928063,32.49678042564918,27.0,20.03175427305337,6.086567149017024,6.0,1.085213573798028,5.787989216857967,5.5,1.1977998530679304,0.921810916133928,0.82915619758885,0.5567893367360436
Series036_B3,BXPC3,modl,79.0,174.45569620253164,116.0,160.54336513168784,0.8763886730562845,0.88125,0.0598248408154386,0.6599491524596668,0.6577380952380952,0.1058713412657251,17.680656816350975,15.53863142561285,8.441526203626106,11.519730619436087,10.559325014615329,5.490397935208948,1.5832851873815137,1.5073616031701391,0.4502568707546307,2.2054838627706235,2.1050503843114714,0.7091637994148255,10.178041439457502,6.968709047767561,9.972318531043973,23.99156188150528,15.090566661315204,23.000197332751537,23.99156188150528,15.090566661315204,23.000197332751537,0.7105125062997064,0.7482553584428456,0.1519869668727877,51.30114295649978,42.59188309203678,28.33690488220494,1.370968022141879,1.3151147791703202,0.3533746120929998,0.6228922270245951,0.6223305009649619,0.1507433202302045,16.78481012658228,12.0,12.88279284729156,0.5316455696202531,0.0,0.633164506349357,7.493670886075949,6.0,5.474621350345493,0.8769428000802836,0.8042632858572891,0.3161588688413165,44.64013599709786,35.0,32.451351602835295,6.143901765713722,5.809523809523809,0.995693745385517,5.792034731275069,5.5,1.0551825841940874,1.0580594167614896,0.8944271909999159,0.7622292170307469
Series074_B5,BXPC3,modl,35.0,99.68571428571428,97.0,85.7860366355309,0.8585648052223578,0.875,0.0633934684224992,0.6567088798411417,0.6761904761904762,0.1055249604219402,13.421195478422254,13.19816692095598,5.804257589756661,9.073337292299536,9.35206580808732,3.9554208581911534,1.563252468483624,1.3990571192964336,0.5755109628118117,1.8153072154973529,1.7979580565373872,0.5271360016013432,6.123175236577943,5.466320929924745,5.521632709330367,13.363618389891858,10.886975629588536,11.662590359347368,13.363618389891858,10.886975629588536,11.662590359347368,0.6612960847958017,0.6993625616582173,0.1829833444363568,39.28061325481597,42.970562748477136,20.237789612381068,1.3719024722308366,1.2078136151055756,0.4934962266664007,0.6516471741065338,0.6728179917367868,0.1868202635469548,13.628571428571428,12.0,13.238657062418625,0.4571428571428571,0.0,0.6904597699196898,6.085714285714285,6.0,4.429585137436227,0.9288472309248696,0.8334490740933318,0.4802057654780693,36.44049922450459,36.0,27.83723549257837,6.215768241202174,5.989221060931157,1.8208715678876712,5.8976420816474455,5.5,1.862270900201352,0.9030229872226052,0.7999999999999999,0.6473930191529627
Series077_B6,BXPC3,modl,71.0,157.54929577464787,93.0,226.94168691553224,0.8654827130578647,0.8770668583752695,0.0737325146904609,0.6504439791477332,0.6541666666666667,0.1199443243176541,16.537382308452283,13.562106148268809,11.01752446783841,10.202793156970523,9.202818532637012,5.622776587396072,1.608567777369792,1.4087289725914856,0.4358512870123281,2.0010906458525293,1.869897836371624,0.7358808361526227,8.48203779723087,5.2932418090404525,11.176554158058403,24.67942868845803,11.495670198556915,42.57472414332118,24.67942868845803,11.495670198556915,42.57472414332118,0.7296779823145927,0.704343049658781,0.1221601119361816,48.0772772722854,37.38477631085024,36.836628568395405,1.398294972393853,1.302763717234681,0.4925874041183238,0.6087001294737426,0.6356403722571464,0.1452930788518984,17.971830985915492,11.0,21.61374877442852,0.647887323943662,1.0,0.7889838633330095,7.28169014084507,5.0,7.39086436194464,0.9271809357133872,0.912244870130521,0.4231455924865792,44.576876066354274,31.0,47.98926867661604,6.131876192110515,5.962962962962963,0.9819296144695402,5.8515239536782175,6.0,1.0614853488047655,0.9767718111231414,0.9230769230769232,0.6856705887185462
Series015_M1,MCF7,modl,58.0,118.74137931034484,76.5,112.51797716056042,0.8818681375239578,0.9001084598698481,0.0671372036403197,0.6792806626965379,0.6892911010558069,0.0985073121093835,14.83374469985064,13.297980173724948,7.003898898650867,9.505240483200836,8.704944205023189,4.240279152340476,1.5900765105561852,1.450797973117454,0.4330278440377053,1.9547556099674677,1.7665605414646512,0.5302968408393547,6.770597745828328,4.736051115188154,7.465772087367873,16.818411350179357,11.052462214491651,17.83155644477911,16.818411350179357,11.052462214491651,17.83155644477911,0.7178893591160794,0.724490609662134,0.1332890820842322,41.302839954315786,34.48528137423857,22.737955688231803,1.2810508009059067,1.2088341544668548,0.3617237499778591,0.6250462543037247,0.6451826811835218,0.1471845010343749,12.70689655172414,10.5,9.575487060070328,0.3275862068965517,0.0,0.5047338333898085,5.810344827586207,5.0,4.4157121366997405,0.8159362871466578,0.810215385702001,0.3102614332322332,34.73103315396752,31.0,25.607927548845318,6.3815494480183,5.833333333333333,1.8561039453264323,6.101722809139937,5.75,1.9430094452925248,1.0361675071178575,0.8475908006866443,0.852540996034107
Series017_M1,MCF7,modl,135.0,142.54814814814816,91.0,141.43537817771886,0.8773369521848255,0.8953488372093024,0.0574073748482659,0.6642063500152111,0.6714285714285714,0.0940603463558618,16.16471280642901,14.136203912318692,8.169627999015244,10.218300160932472,9.147891541866557,4.756729738076022,1.645877956151377,1.4726803221003892,0.6213329209480173,2.050356268829798,1.919155648317301,0.6413080751911565,7.940008498750586,5.230244978859603,7.728885095857065,20.502547609788994,12.489516315665892,23.203183621366364,20.502547609788994,12.489516315665892,23.203183621366364,0.7184394864254549,0.7341068286806325,0.1493750927164379,45.87954623114164,39.62741699796952,26.431777345404413,1.341231702627104,1.211995188417192,0.3845064436010751,0.6192925958755262,0.6258784085457567,0.1603313833903505,14.822222222222225,11.0,12.295055716088822,0.4074074074074074,0.0,0.5874779276710623,6.940740740740741,5.0,5.474199367082132,0.8555173668428556,0.8155617907321902,0.3071020081323001,40.96328349023621,30.0,32.39569342238595,6.002689681013505,5.818181818181818,0.8232040754404591,5.663283490236212,5.5,0.7432835472422581,1.0314571488204607,0.8660254037844386,0.8804726081301936
Series021_M3,MCF7,modl,156.0,152.5448717948718,90.5,160.480741833226,0.8838758862132726,0.8874119718309859,0.0561623484710646,0.6760477220314661,0.6730769230769231,0.1022927715814518,16.27102724808531,13.450456401312415,8.453247003397788,10.534937519935928,8.861212667765834,5.400053488418166,1.582022230095364,1.4929781558534816,0.4115744218654316,2.100431306929039,1.8741221013264164,0.7393894796476141,8.759092889170683,4.9077494808957525,9.632600740296054,21.01273203802427,11.307180990214892,22.888010733887494,21.01273203802427,11.307180990214892,22.888010733887494,0.7161892853309726,0.742537724949418,0.1420724208411538,46.33327318337968,37.22792206135785,27.218490557179145,1.310218645633746,1.2476377516614878,0.3669182775735404,0.6262994033148169,0.6269356799261003,0.1458564032722153,14.557692307692308,10.0,11.376561817048255,0.4166666666666667,0.0,0.5656665382348796,6.987179487179487,5.0,5.429014147044562,0.8255133185232324,0.8230055689211674,0.3173635079167531,40.92873129841356,28.5,31.21893071947956,6.052732227252909,5.8,1.3250435283920217,5.758859503541766,5.5,1.4078353011453495,0.8955585119523563,0.82915619758885,0.5796913072489314
Series024_M4,MCF7,modl,77.0,89.79220779220779,61.0,85.4105954165604,0.88132759678192,0.9,0.0613894625552672,0.6814307315401016,0.6904761904761905,0.098902906044351,12.655633937385742,11.001438749369198,6.321983725892308,8.312510659771892,7.798574480535037,3.3365293488780767,1.5116863727171637,1.4168626954161514,0.3380406363631484,1.776692874587837,1.668158284974797,0.5081599142347378,5.014391347796631,3.80111024552827,4.285256954128865,12.50828428672231,7.564478409757632,14.108699716595968,12.50828428672231,7.564478409757632,14.108699716595968,0.6978759608606452,0.7084264038169166,0.1373770421310758,34.82153443540608,31.31370849898476,18.082565429257865,1.2142466582054057,1.1775377399604352,0.294802707487763,0.6449041951368282,0.670887642050487,0.1390159684668506,10.844155844155845,9.0,7.054638218314035,0.3896103896103896,0.0,0.4876619053381452,4.922077922077922,4.0,3.103271142864565,0.8397238326925246,0.7761927209993006,0.3319702207187752,29.06906787492621,25.0,17.95124577544857,6.123499230006922,5.8,1.1578869060189625,5.861275667134008,5.5,1.2408638917519563,0.8724143084758977,0.7483314773547882,0.7039835714160746
Series026_M5,MCF7,modl,167.0,213.38323353293413,148.0,217.21477923402904,0.8910144107785156,0.9071428571428573,0.0524833934903329,0.6862979641290331,0.696969696969697,0.0925240541445405,19.43318213693399,16.630606821516796,10.68583430439984,12.499184815763453,11.70946747638146,5.66527632885193,1.542250495352153,1.4544554044926274,0.3695027191230566,2.419865448650693,2.361918327921516,0.7863256163428982,11.770311058803854,8.569476786277201,11.54370517101671,30.739726421771174,17.28606770324256,39.42847353086248,30.739726421771174,17.28606770324256,39.42847353086248,0.7045415761456146,0.7261440771805612,0.1440011089794353,55.6883976338023,47.31370849898476,32.79053739096829,1.322858365082559,1.2357597999547842,0.3321462909741396,0.6418013288926325,0.6547073964763512,0.1429549615207049,17.365269461077844,12.0,16.195053314932263,0.5149700598802395,0.0,0.6733266010476934,7.772455089820359,5.0,6.7270805358199945,0.8157225956600733,0.788023600991952,0.3359573257736022,46.539874695947,33.0,40.8450639624828,6.2168483639803735,5.944444444444445,1.6824422927313916,5.87221002528832,5.5,1.7350527625839107,1.0956991984561146,0.8660254037844386,0.9004760386724819
Series038-M6,MCF7,modl,129.0,157.75193798449612,98.0,159.31131003163634,0.8827465500476386,0.8928571428571429,0.0599965747963808,0.6753881648137214,0.6805555555555556,0.1047743823636212,16.738924503140904,15.16790663999125,9.13007044787373,10.866731885455104,9.760173288872132,4.926406746111459,1.544024815664966,1.4208110128334075,0.4902305324856972,2.1381151421727305,2.0221059681591496,0.6617059639169347,8.897209081156193,5.953811414300815,8.679020088468105,22.721861244061763,14.379086989968163,29.69743737597613,22.721861244061763,14.379086989968163,29.69743737597613,0.6947953844002022,0.710375012983968,0.1488640212775419,48.1885149688941,39.55634918610404,28.486287607218664,1.3303867376592848,1.2348789445825472,0.3933632296813004,0.645873616514483,0.6609942571113218,0.1531936866326032,15.736434108527131,13.0,12.966575623827945,0.4806201550387597,0.0,0.5984576454455437,7.24031007751938,6.0,5.971216740432077,0.8661214074166342,0.8581713573842323,0.3453762694048523,42.88846586698762,34.0,34.71294967011901,6.139526796399679,5.857142857142857,1.0409246686373583,5.779938735204677,5.5,1.1074717345416394,1.0139366162742731,0.880630571852711,0.9119159440703708
Series040_M7,MCF7,modl,105.0,116.07619047619048,74.0,123.55794439688113,0.878114790002116,0.8909090909090909,0.0607720352215452,0.6685475586163041,0.675,0.1064381536114121,14.227471079293217,12.056173559162984,7.832437561170695,9.252875171442277,8.360608238519024,4.44763391313139,1.543168233630337,1.4291664166064857,0.3946982178518932,1.8953148926622665,1.786806078702426,0.5678725177624809,6.587321647720585,4.368735632374512,7.266169214687045,16.485500716360157,9.08445755554129,20.941211745591342,16.485500716360157,9.08445755554129,20.941211745591342,0.7011128256143422,0.7144283777535909,0.1480849695318926,40.3853270583028,33.31370849898476,25.398652804515876,1.266643998812288,1.17278050109729,0.3597301420614671,0.639920657429718,0.663754493434141,0.145089009688643,13.076190476190476,10.0,11.68775935844256,0.3904761904761905,0.0,0.5772717127882567,6.352380952380952,5.0,6.007901071376485,0.8404825112254282,0.7972014443609451,0.3364641531865052,37.0087021242611,28.0,33.66848986742708,6.08477910901566,5.8,1.195575570792114,5.870606886165861,6.0,1.2656933152195693,0.8144665326202206,0.7284313590846835,0.6810233039525423
Series042_M8,MCF7,modl,110.0,144.22727272727272,78.5,175.35743544340872,0.8857428013485287,0.8950428396572827,0.0594819470203705,0.6767465454946906,0.6815476190476191,0.1086007563527585,15.06438901018036,12.11158522734539,9.274817912528858,10.120009567987047,8.492769956332445,5.5887201588448825,1.482473539573797,1.3708408981022338,0.333206389908711,2.0280830945471573,1.815899476804001,0.7675483842372395,8.353024166876786,4.508007336105488,10.199450484305848,19.559878972538066,9.168464358486984,26.048202540285104,19.559878972538066,9.168464358486984,26.048202540285104,0.6840141978386094,0.6840019309628977,0.136146498478075,43.35050765065296,34.05634918610404,29.31232854069864,1.2492751999736942,1.1651243758086411,0.3760995979299534,0.6624311349048835,0.677145881876208,0.1372356343654037,14.272727272727272,9.5,13.855690718591267,0.3909090909090909,0.0,0.5575181129622532,6.581818181818182,4.0,6.077352620675638,0.8449178127434197,0.8057361577441472,0.3798707910890609,39.00751977494871,26.0,36.181401479488656,5.998827192856821,5.861111111111111,0.8039064414311652,5.72570159313053,5.5,0.8976882468165682,0.8416433251983056,0.822826389258288,0.6242628318105515
Series005-_H20,HELA,nellie,920.0,121.52666666666669,40.5,405.8300086927477,0.5557013307195984,0.547410102739726,0.1038307808156834,0.364930938127054,0.3575187969924812,0.0965147068477652,20.59594919373117,15.57665859578026,30.795328717967287,9.382659542261392,6.91520890807772,7.633575039316177,2.2469477979312176,2.008625171691303,0.9847495826560644,1.163525422609294,1.0623485029365076,0.2484465523218995,9.144110497928734,2.988797196031155,29.17948657219787,85.78408712740102,15.1645206727554,846.3909928196173,85.78408712740102,15.1645206727554,846.3909928196173,0.8315570591711756,0.8672553514180501,0.1290374195362991,69.94612165978465,34.17462120245875,164.6315288517082,3.5728387832141757,2.232711040566568,5.447651431538345,0.2820806107764092,0.2715448578241095,0.1206438229806696,36.19,20.0,52.70712064481105,1.4466666666666668,1.0,1.6493904598029203,14.13,8.0,18.891438095955884,1.5752238208093676,1.4027852513194894,0.651380687688274,86.731153287514,48.0,116.54247153529668,8.056089000910932,5.919871794871796,28.5383698122536,7.582819954180674,5.5,28.57403769765195,1.2631090276279895,1.124858267715973,0.6746393554406194
Series011-_H17,HELA,nellie,374.0,377.2866666666667,51.5,3497.6471326434416,0.5781605792627761,0.5670411985018726,0.1215269416077952,0.3842284239747641,0.374537037037037,0.106606345895335,22.269200605779396,15.020553364646728,37.963798692057466,12.188669199171375,7.742482615091403,29.838084783513946,2.1044188536052286,1.9004161511115407,0.8422924041112317,1.219316206423014,1.1007473064348636,0.269342110804551,64.9296850246872,3.746627501517714,791.0240760989433,121.07295667196932,14.101074289258696,1120.9551505277036,121.07295667196932,14.101074289258696,1120.9551505277036,0.808626456249444,0.8503601024055558,0.1416416874756469,188.1800940568177,37.12436867076458,1537.1358382741885,7.968243632389901,2.3797422681594207,53.7851523745282,0.3217090112341451,0.2876444375161952,0.1485362495708186,43.07666666666667,21.5,66.5746507480304,1.7,1.0,2.134635019544715,16.09,9.0,23.1301080844859,1.691770644728673,1.4659663702587222,0.8349988492504736,100.46771253686366,52.5,144.05175416355743,8.995907701940675,6.0,36.53068861388101,8.522712536863658,5.5,36.57020660321524,1.2967986715940656,1.1843267902546035,0.734311163599537
Series016_H18,HELA,nellie,529.0,202.88666666666663,39.0,1245.74736891376,0.5613929354346613,0.5571895424836601,0.1085543514113693,0.3675018610747882,0.3507632718159034,0.0992601148714023,20.464191603899284,14.346167778286333,25.3700361003961,10.049685599017034,7.0022062079427645,16.91110531745627,2.340928918619677,2.0576518170925326,1.1890029736305958,1.1558229405457487,1.0627596306625902,0.2229564151516422,24.18635398107426,3.0644320819024937,195.87405430601672,66.40136685853145,12.863375095385596,336.35557149583497,66.40136685853145,12.863375095385596,336.35557149583497,0.8304482319452315,0.8739609217426991,0.1347208154668985,108.03713089802272,32.05330085889911,554.6923133445897,4.998429806218248,2.1500934449927778,19.731073557716705,0.2853950669247738,0.258504099742129,0.1353374962856702,33.89333333333333,19.0,50.27400211728612,1.413333333333333,1.0,1.699751615841431,12.96,8.0,18.97854226927523,1.520613030209554,1.3561103544341124,0.6949367940884755,79.8898472026874,45.0,115.6595938056916,8.656666922265998,5.904545454545454,23.470055946709525,8.201513869354066,5.0,23.52556047402719,1.1977445105464262,1.1083231495256345,0.6124038596259933
Series027_H17,HELA,nellie,495.0,205.96666666666667,34.5,1268.5861811043385,0.5597445475916948,0.5412878787878788,0.104769185754455,0.359461293412524,0.348076923076923,0.1004206126889013,20.318023197403537,14.614269754580391,33.05039952248867,9.438194056658125,6.74922238265227,13.43388713821892,2.3195324919577947,2.086152419110748,1.0213359732451088,1.1547197781991736,1.0613649722034215,0.2236515731872903,16.846801918346276,2.847261936572407,118.9026290011622,94.07193595289677,13.348560741785406,677.0170633496327,94.07193595289677,13.348560741785406,677.0170633496327,0.8334152134360031,0.8776221538051501,0.1293881408546441,107.08549008275462,30.17462120245875,536.6556959696654,4.880104584275518,2.166439967286676,18.21283544988417,0.2795773967614999,0.2509526724160225,0.1261738707340895,32.42666666666667,18.0,51.65027869129933,1.24,1.0,1.5085533909455553,12.14,8.0,16.613460406148583,1.478508778797242,1.341367163660635,0.6688311632705013,75.85948600606872,45.5,105.1814405408241,9.639307251777424,5.857142857142857,32.83752957768339,9.244486006068724,5.5,32.88468280468558,1.1282290109619146,1.0,0.6082639272103453
Series050-_H16,HELA,nellie,679.0,67.9,38.0,99.25944119662708,0.5611124124309443,0.5523326572008114,0.1106406440621889,0.3675724874616783,0.3590123456790123,0.1012992886580124,17.125599824912808,14.382347226714751,11.888516891891728,8.054833212203997,6.97183677223094,4.48814915936552,2.3109129523369853,2.022492311048418,0.9773337852817024,1.1369254782006313,1.060874011664124,0.2084713066650453,5.313988809571122,3.037906845833214,8.739307104839591,27.163937703240524,12.928244511037708,115.96285188763952,27.163937703240524,12.928244511037708,115.96285188763952,0.8419405425685924,0.8692120318039838,0.1151281830328451,48.29962155289328,31.4675144212722,54.04658300455757,2.8770723627480868,2.149130068438176,2.5062249099188576,0.2789063619540092,0.2607382894402096,0.1170610794467924,27.89666666666667,19.0,31.42927492358394,1.24,1.0,1.231151222772139,11.55,8.0,12.876108366531662,1.4933840648633372,1.3628592428223196,0.5875699029693842,69.02666666666667,47.0,78.02917801836837,5.984611660766014,5.9,0.4761209901025599,5.5616666666666665,5.5,0.6194329844480533,1.1968110870957096,1.1065755980525176,0.6085860264165354
Series056_H15,HELA,nellie,602.0,75.28666666666666,39.5,103.30223209377208,0.5586076199031389,0.5513722730471499,0.1024229671759357,0.365551707242365,0.3568931068931069,0.0938368116841925,17.237511756214023,14.504552832238128,9.081918551029013,8.875757607818036,7.09989146200676,5.720786701451664,2.151869690347324,1.9232656820581984,0.8562140277305663,1.1232485322685426,1.0687781016568727,0.1717816468846284,6.969154599765373,3.150879612817909,13.299095554780992,23.725816007071348,13.148933818132656,32.19352205620564,23.725816007071348,13.148933818132656,32.19352205620564,0.8162733656071605,0.8541972803449773,0.1414092177784131,54.90199107818463,32.77817459305202,61.37706967157415,3.315223934312324,2.230822134206336,3.2787088649559744,0.2927122199867993,0.2689067234686977,0.1251170944510474,32.07666666666667,19.0,37.25333258768789,1.39,1.0,1.3581482491490635,13.236666666666666,8.0,14.847468545924665,1.6193925891498393,1.462903966916424,0.7083222627930039,79.3,48.0,91.11496401067537,5.96484917569474,5.9,0.4961484565146559,5.486666666666666,5.0,0.5843705065186716,1.2423313948810792,1.1342039359300786,0.6644651371787957
Series061_H14,HELA,nellie,1545.0,89.95666666666666,35.5,440.6643410301718,0.5221028547230735,0.5154174573055028,0.1046015064522026,0.3376359176931381,0.3181818181818182,0.0965692547547731,18.05160150640265,14.875466700032746,17.842065325725443,8.420883140421175,6.649221161223021,10.756371740549133,2.4045333393247583,2.231972301735482,0.9886814961973688,1.0864534779911403,1.0336991177330566,0.1785926402173473,11.6631753678446,2.7632595647630462,103.88672289127376,40.262475752088285,13.829969694367342,238.0918365846749,40.262475752088285,13.829969694367342,238.0918365846749,0.8475761462245981,0.8940152346030679,0.1243254257223484,59.1248575995757,31.053300858899107,218.73222282470175,3.3613863699831468,2.193462049857408,8.702346929516182,0.2464973974757996,0.2102917089593377,0.1178663754984925,28.936666666666667,19.0,42.208284995036486,1.3066666666666666,1.0,1.4717185721310837,11.556666666666668,8.0,15.761983448228278,1.4456657518001337,1.3190170529124003,0.5592237858010556,69.82110965668333,47.0,97.84433040913882,6.774206780684098,5.857142857142857,13.903775279252224,6.3211096566833245,5.0,13.933314499602869,1.179699202644933,1.0913727718485022,0.5766863517366255
Series066_H13,HELA,nellie,964.0,242.81666666666663,44.5,1871.7729143930776,0.5592449302267093,0.5429644808743169,0.1180666732956142,0.3669905615207837,0.3498251748251748,0.1058705935930821,21.792327175786603,14.971902943632644,31.23475057103796,10.34335359400883,7.615637735359057,16.07696940847192,2.2282998206554354,1.992306129206724,1.074373957030887,1.180540757235513,1.0671286565665854,0.2594229488392615,22.84086930822733,3.624872151060872,207.92342729023255,90.6571979357177,14.009948570176585,611.8399808664794,90.6571979357177,14.009948570176585,611.8399808664794,0.8303885851196873,0.8648936251454233,0.122451709775413,129.7690859123981,35.4350288425444,839.741509400143,5.9437838000284815,2.351389743686898,30.33617822642057,0.2922130196413204,0.2707041598226737,0.1316525832316165,36.57333333333333,21.0,52.78760544757537,1.41,1.0,1.5390148364023877,13.77,9.0,18.86276137437641,1.5763864151648002,1.4526034472154636,0.5875280268622685,85.81183659607969,53.0,116.55295372050664,9.199079032689864,6.0,29.631157033811483,8.68016992941303,5.5,29.688569140833067,1.2831992494730682,1.1764172704339555,0.6361596596993303
Series073_H12,HELA,nellie,681.0,544.8,41.5,7968.329936274812,0.5428189282979173,0.5335585585585585,0.1084805516042382,0.3529830210677395,0.3440972222222222,0.0933202033277446,21.18207274102672,15.107452018020972,45.0530765215637,10.654867541370107,7.177765174970351,25.847163110691643,2.218956819178207,2.0392125181127403,0.888229070198696,1.110953266041093,1.0590951131203243,0.1518263990101293,48.85012769967756,3.2200201580084684,711.2158612789754,154.90374435400133,14.264727677302185,2137.6633176553323,154.90374435400133,14.264727677302185,2137.6633176553323,0.8290457324175683,0.8714944550159436,0.1344627202350573,292.8274548740764,33.21015510839149,3975.721718455881,12.960404083264445,2.1904414155338365,157.84328385682505,0.2765816259138115,0.2625597553293217,0.1182534402289377,39.68,20.0,70.15723483718554,1.5766666666666669,1.0,2.131694683162254,15.306666666666668,8.5,22.76823713470637,1.6535138400638132,1.4310566598653574,0.760134268738242,94.43467427941825,49.0,143.6490789742554,8.524940051967839,5.857142857142857,44.06329096575909,8.074674279418241,5.5,44.09015647919212,1.2115156177670272,1.088827842490372,0.6333969233432073
Series080_H11,HELA,nellie,1086.0,158.55333333333334,45.0,678.6480976830989,0.5336579853763038,0.5258100515162919,0.097355992213288,0.3505007180609405,0.337012987012987,0.0917209897957382,21.852583863241687,15.465209427793477,27.2362378998178,10.670491018200076,7.64313704956815,12.639489396224617,2.175282159217755,1.94908895630628,0.7880904315951947,1.1514860499524469,1.0609884413330524,0.2368526626311447,17.10100442292269,3.6511065253990633,96.8769012419808,76.20925477721765,14.948294656358003,491.25670200410224,76.20925477721765,14.948294656358003,491.25670200410224,0.8312564192348558,0.8583489520103876,0.1259548762449196,92.2288273984123,37.8492424049175,306.2708815993807,4.660859907247912,2.5493037197190835,11.220130118091555,0.2710041190501241,0.2504947350232506,0.107325446979736,39.263333333333335,22.0,54.608735463192055,1.5066666666666666,1.0,1.6703160046995766,15.446666666666667,10.0,20.335858859550424,1.6344679834733484,1.5006908355979145,0.6445963739705787,94.87498546921223,58.0,125.3950029107262,8.57694476171018,5.881944444444445,25.05971801561024,8.12998546921224,5.0,25.108905306710028,1.192656392006882,1.118033988749895,0.5396865067554805
Series086_H10,HELA,nellie,846.0,97.57333333333334,37.0,366.4389052610119,0.5439832451199785,0.5333333333333333,0.1071380761392587,0.3513536284945323,0.3333333333333333,0.1011526782630432,18.872263553768097,15.011054683626176,15.698647384947307,8.512297519566495,7.152331234266426,8.313219165352812,2.4328359288617007,2.2194695204032664,1.0625259653062646,1.1527475376388785,1.047793872581511,0.2446424194087255,8.84805137205045,3.1972436105414976,57.85777322968013,37.66311633498729,14.08323967480716,135.65882927700815,37.66311633498729,14.08323967480716,135.65882927700815,0.84242794000876,0.8927470068723256,0.1422268883411886,59.0043402812946,31.4675144212722,148.3695938609059,3.1492896830973884,2.138785033774668,4.886770596567764,0.2638908397369531,0.2256546242806228,0.139520136104569,30.043333333333333,18.5,38.30241231161412,1.3,1.0,1.4317821063276353,12.186666666666667,8.0,15.392373291846695,1.4284782655681785,1.3121910471143217,0.5302213924203344,73.45625392028765,45.5,93.202784760301,6.611597803039616,5.928571428571429,10.056057300406282,6.181253920287648,5.5,10.085877604338537,1.2109820233868185,1.1397794030476125,0.632710121267364
Series089_H9,HELA,nellie,1012.0,182.06,44.0,1231.439405627956,0.5664742975528522,0.5636363636363636,0.1090780893736526,0.3696213807497326,0.3611111111111111,0.0968973463920583,20.484725158288157,15.142188117259916,27.17227988047968,9.801658212002309,7.324007281982962,15.377844357920804,2.273742978379362,2.12392030583322,0.9175213460674536,1.178914743978566,1.0685432864338966,0.2457231575653369,20.784412550084312,3.3525705446946827,193.6638092915037,72.37229741960775,14.33038408918793,546.4868829299783,72.37229741960775,14.33038408918793,546.4868829299783,0.8374901401381872,0.8822249699647091,0.1232203590622993,96.92788451078084,35.12436867076458,519.2112753364818,4.525246706051288,2.247606099511676,17.461032129973972,0.2848348385334479,0.2658581099377921,0.1183686662732545,32.96333333333333,20.0,40.49702032934714,1.356666666666667,1.0,1.3125505281279226,12.896666666666668,9.0,13.686952018457417,1.527504510733006,1.4299135508044474,0.5616572448965617,78.98399674597162,50.0,84.44426657790495,8.074052638884915,5.888888888888889,25.89214844342843,7.6139967459716145,5.5,25.931762121645253,1.2186937040110697,1.147735151529974,0.5825651135039022
Series090_H8,HELA,nellie,1126.0,124.07,43.0,818.5445406940297,0.534390812806298,0.5370370370370371,0.0984539186868249,0.3512620378657992,0.3404545454545454,0.0882516614325251,19.99605397138593,15.710491148118628,27.8543144059502,9.42328605173794,7.691524178662618,7.328671666020448,2.206427238451491,2.0651439883689395,0.8642081627525077,1.10929927773316,1.0534469112739475,0.1576681852836272,8.90673427507561,3.697487133585213,38.00976084606681,73.4815628407565,15.42629363313617,798.9672075963492,73.4815628407565,15.42629363313617,798.9672075963492,0.8331570673630978,0.8749419956328788,0.1203496334111927,82.6520985687432,36.58883476483184,443.8476402246695,4.5925554461969424,2.533220505202033,19.164867682844694,0.2672266649136123,0.2480075311720219,0.107093319780576,35.22666666666667,22.0,42.78241798787078,1.4433333333333334,1.0,1.2596780893898605,14.04,9.0,14.445012980264158,1.631849106954402,1.47694848207091,0.6070280238873558,85.44369637602462,54.0,89.96699455183683,7.52760887276373,5.966939890710383,26.813038231941995,7.075363042691286,5.5,26.841145595943598,1.2377509521194572,1.1102123473074534,0.5988800534616552
Series093_H7,HELA,nellie,420.0,293.99333333333334,40.0,1874.4093647392565,0.5637962303756102,0.5511512297226583,0.1072248537285245,0.3691161898126159,0.3590608465608466,0.1016262309006354,22.209350388342912,15.210875016695049,36.82175607880548,10.84403131854006,7.123578790224942,19.21218397000037,2.2169986827036974,2.0319725646753204,0.8287371310983891,1.16953420565725,1.072047279243648,0.2190846522503304,30.41881425841357,3.17159257366059,233.3335452728432,115.5685603374522,14.4606722603862,772.7513349110502,115.5685603374522,14.4606722603862,772.7513349110502,0.840734031004366,0.8705202269956422,0.108236459508766,146.97556221037303,34.367009357883866,799.2529594460419,6.326365711692029,2.3072813515260213,27.25293352320323,0.2855378597399319,0.261231457616008,0.1157601553637139,38.263333333333335,20.0,58.73199572824189,1.4733333333333334,1.0,1.7270269894307446,14.233333333333333,8.0,19.57240120396291,1.580315353840584,1.4172132453364832,0.6956241349182374,89.11318157954723,48.0,122.85905957240335,10.090527192728874,5.9,35.95777462293347,9.678181579547244,5.5,36.006822754741414,1.1512779404441804,1.095445115010332,0.5599719644244958
Series095_H6,HELA,nellie,896.0,218.26666666666668,44.0,1388.8067692167338,0.5600485806249816,0.5448791714614499,0.1062355448202655,0.3701783654928577,0.358609759693351,0.0983555441016211,21.948018038457747,14.825093757670285,36.7070923071726,10.154535843998062,7.38902265955581,15.145577498592424,2.196773004340441,1.9832597488453056,0.8436692365275884,1.166355150287272,1.0661053902598827,0.2068094131159777,20.781444748306917,3.412383433519424,185.21984233194,114.3203825914848,13.736586719669672,869.4526638564431,114.3203825914848,13.736586719669672,869.4526638564431,0.8215055074542622,0.8635747026933245,0.1443530977167813,123.61923394467952,36.77817459305203,695.1094484335915,5.876907520059584,2.3490277848255454,28.128428162234314,0.294623509260215,0.2671320434384965,0.1319873990523015,38.04,21.5,60.294154498314896,1.4466666666666668,1.0,1.7683765310463593,14.446666666666667,9.0,20.717315355893863,1.6069566112055236,1.4548212456332053,0.6277580777546699,89.87243326380798,53.0,129.25276846765695,9.431704475027193,5.9,35.394524318745894,8.92909993047465,5.0,35.44470235558884,1.2162337250416488,1.0821666950567868,0.677347809635003
Series099_H5,HELA,nellie,793.0,196.13,37.5,1355.9188888351691,0.5439860462757269,0.5357142857142857,0.1041337261250603,0.3527280263739681,0.337609649122807,0.0888793973190456,20.241861801139464,14.908078314622028,30.035970306143096,10.073147223692244,6.895038461507102,18.258047173360644,2.292005971685038,2.126297863396773,0.8788787404250398,1.1439330400487562,1.0494693559340416,0.2354956925008792,27.17653634842758,2.9713477127067778,267.1825288494273,81.99328008799617,13.890676452605112,714.8628754653505,81.99328008799617,13.890676452605112,714.8628754653505,0.8476692455031307,0.8825054094065898,0.1107555931158753,102.634406033672,31.242640687119284,580.4603342215963,4.730834529123474,2.1480679762211947,19.800079183356345,0.2655145982596421,0.2402023233981041,0.1104675847217464,32.04666666666667,19.0,42.10294315392004,1.336666666666667,1.0,1.2740966298606329,11.96,8.0,12.982747526364877,1.506171948815485,1.3451978026769602,0.6030256301389225,74.39221573844344,47.0,81.85359481692431,9.093154850594964,5.907670454545455,29.973768334885563,8.63388240511011,5.5,30.02365159131038,1.199736917893308,1.0975369974459035,0.6194914508187936
Series102-_H4,HELA,nellie,471.0,198.36333333333332,40.0,1002.1500908823764,0.5724327491560716,0.5645161290322581,0.1090893755593446,0.3781176679444945,0.3674812030075188,0.1016949375632293,21.29031300466288,14.543939984379987,31.22820611617196,10.17059386790046,6.867732333649785,15.31489876530786,2.254587978126785,2.0051779645325545,0.969834726923962,1.1927667756200382,1.0668086390924347,0.2553370350727816,21.124193988587667,2.947947832539726,135.36558768818182,89.27989281691481,13.220394714148256,524.8848366402854,89.27989281691481,13.220394714148256,524.8848366402854,0.8331270005299856,0.866769482768282,0.124410716465824,99.87287669128688,32.242640687119284,416.9643634408957,4.409287589490056,2.1456645179206566,13.83255270607556,0.2942928140724515,0.2758952343382614,0.1299826623627743,32.983333333333334,19.0,49.05972267439848,1.28,1.0,1.4519871441120498,12.113333333333332,8.0,17.500871089431204,1.461110388505196,1.3829902037701234,0.5158545928541096,76.12725884217811,47.0,107.44389606337138,9.561211281059768,6.0,28.89276824158153,9.115592175511445,5.5,28.949130431217142,1.1940284684402096,1.0602280472762595,0.6898601123096201
Series103_H3,HELA,nellie,1605.0,81.59,36.0,323.28955323878523,0.5330600515186643,0.5258085954807266,0.0993606664474835,0.3461597138342422,0.3333333333333333,0.0876973930693091,17.42514915353239,14.889505246378835,14.315445632073574,8.3525068681018,6.98247717904009,6.8525199564266215,2.288387735498248,2.083483409239029,0.8797492278196984,1.096328937406742,1.0371020169505314,0.1744048869977574,7.295087545932053,3.0471883831711395,28.39337984984552,31.78548791673156,13.856120164213198,174.91624822027242,31.78548791673156,13.856120164213198,174.91624822027242,0.8390002964400298,0.8772874012575005,0.1266737131850237,52.68306347060362,31.242640687119284,133.02286777400403,3.0009349551616875,2.12939484377812,4.43977891540652,0.2570735690064462,0.2353895998194916,0.1061345178572922,27.67,19.0,30.88302284427481,1.24,1.0,1.1441445130168946,11.333333333333334,8.0,12.733769626033324,1.4878262002434688,1.3893065399782984,0.5230632461693501,67.92543661566852,48.0,75.59499599052779,6.6480767111677945,5.888888888888889,12.266970328157475,6.212103282335179,5.5,12.295383864688676,1.1720071175363698,1.0702297252550073,0.5677179101900469
Series107_H2,HELA,nellie,413.0,223.38666666666663,38.0,1503.3908020944596,0.5982060222267299,0.5841194968553459,0.1113707284773131,0.3894042065066625,0.375,0.104595108158638,21.401699548316785,13.94370138899374,33.42007377976798,9.494442767639926,6.708510525170279,14.385697238155377,2.3615843198962634,2.0431768895380733,1.129050246221216,1.2303279503770526,1.0967888219476274,0.2949876725552278,18.568295530991332,2.812757851013044,173.63938737362878,98.43337968759738,12.152091529840646,706.6939480983427,98.43337968759738,12.152091529840646,706.6939480983427,0.8425243340585655,0.8720404029210866,0.1234107540340561,107.3685261550668,31.17462120245875,600.9682559733353,4.500816419627055,2.1009840879706383,19.130037632249994,0.3009600836811371,0.2898186962937077,0.1301925030198015,33.69,17.0,51.65398242149389,1.346666666666667,1.0,1.645140993619966,12.543333333333331,7.0,17.227346155329773,1.4409497748595006,1.2898317491584663,0.5872079460124462,78.28137523753006,43.0,107.73891182007404,9.141515630889376,5.8989898989899,31.04576453345404,8.714708570863397,5.0,31.09264141954268,1.1475943544700036,1.0295186796737856,0.648220264027777
Series109_H1,HELA,nellie,1030.0,166.07,41.0,762.6302151763986,0.5640799991861459,0.5500200080032013,0.1153640370679894,0.3731693430032728,0.3601829268292683,0.1052784266783954,20.789105665271677,14.815046995538182,26.13835149047073,9.825800811224816,7.257081978895551,12.581028091333788,2.2542703581259,2.0060588808995847,0.935759108178708,1.2090289236459404,1.0637251634420146,0.281990582312547,15.926789338549758,3.2915788349130706,93.85753975542508,69.7125208125765,13.7178883627101,406.70233400678,69.7125208125765,13.7178883627101,406.70233400678,0.8353498707371605,0.8668952554099867,0.1254264872578712,87.83010361087412,33.71015510839149,323.8546946681826,4.063654445917062,2.185441933247044,10.949504279195668,0.2901744621026171,0.2654615058593273,0.1322475511958253,32.07333333333333,20.0,39.75174573385286,1.2966666666666666,1.0,1.2551184096419836,12.223333333333333,8.0,13.952542978093836,1.493779461837945,1.3561985320700378,0.5830250917114532,75.58488213285045,50.0,85.0970214710108,8.8017076511895,5.912878787878788,25.08873600446615,8.374882132850459,5.5,25.13875798182493,1.1827033902130573,1.0560488759322006,0.6188107464046244
Series022-_B1,BXPC3,nellie,930.0,105.04333333333334,35.5,282.8611817167959,0.5492184957443361,0.5401149425287357,0.1008453651330176,0.3542327069658554,0.3449494949494949,0.0893550247518019,18.89424433204334,14.324732899857144,16.41996547253176,8.992131492064573,6.8286729476475685,8.167119097529056,2.3085837461441456,2.0776269378433367,0.987995039002212,1.1302398145976609,1.0502077045300722,0.2337274466139115,9.222516445237702,2.914426155762069,29.454948822582438,39.16298343738044,12.824874329642183,117.446586704485,39.16298343738044,12.824874329642183,117.446586704485,0.8389324386511734,0.87654249626099,0.1268622299495083,63.2437788319157,30.9675144212722,119.74807773201368,3.3903439770475154,2.1562411587688626,4.312063190600428,0.2653174960817746,0.2459529473361106,0.1062585129083382,33.52333333333333,18.0,55.24855463167239,1.4566666666666668,1.0,1.9152342473499744,13.576666666666666,8.0,22.437709082900795,1.4981358451377706,1.343957874322709,0.6371270208242723,81.84639886408516,45.0,136.88776784462237,6.556701384439159,5.857142857142857,7.229399718257257,6.149732197418496,5.5,7.275171457465364,1.1627709143835203,1.030279781165252,0.5772808940343973
Series025_B2,BXPC3,nellie,797.0,141.32,43.0,480.2315319371133,0.5583189995954947,0.5531914893617021,0.1098708987573339,0.3661709798019938,0.358058608058608,0.0926794531209238,20.86557317839718,15.08015734251217,25.42358918294467,9.840904156925484,7.296599106376781,10.728602947967769,2.2635992257329183,2.034301459296944,0.8924768242410365,1.1586131604880685,1.070275211122346,0.2448263007318208,13.2466447400585,3.327533305678123,56.68869388219918,67.60818943788682,14.213199956057723,334.9008634459456,67.60818943788682,14.213199956057723,334.9008634459456,0.8378442598730808,0.870838065943248,0.1204716652463107,79.7243223520299,34.12436867076458,205.53607652336697,3.9799553043161247,2.257788094898566,7.112058705069978,0.2809402942055881,0.2613209953312768,0.1206967005938298,34.77,20.0,47.03789713270212,1.4166666666666667,1.0,1.5905100509654824,13.056666666666668,9.0,16.87128098936836,1.5517108923338874,1.3952512987365329,0.6306577987180599,81.1194947837286,51.0,103.84709833764757,9.02563843945221,5.880831643002029,24.212369545354168,8.54616145039527,5.0,24.274548912668344,1.2141270561234554,1.083783442258616,0.6809604799604603
Series036_B3,BXPC3,nellie,769.0,113.84666666666666,42.0,557.8827563406331,0.5450592453712937,0.5358213244652461,0.0893369702766452,0.3571500193982767,0.3461538461538461,0.0880931340529514,18.414415494333493,14.475420432128544,18.50939068699907,9.319882650477044,7.188386081012305,12.201437517766324,2.190078805562673,1.96862974581982,0.8590833085476696,1.099124578841773,1.060023203279281,0.1593269624421454,14.733455632413664,3.2295606662260967,131.6015958985035,42.605515100119824,13.096119678381577,246.26416414172672,42.605515100119824,13.096119678381577,246.26416414172672,0.8221256946915588,0.8613758355175627,0.1373942928068054,72.82973253018694,34.71015510839149,259.8163460191541,4.0081714133693565,2.397849301887629,9.78158643926336,0.2784538658504366,0.2563048023420765,0.1164481292964179,32.47,20.0,45.60952860971049,1.3666666666666667,1.0,1.5466810344160242,12.993333333333334,8.0,18.053068683436862,1.584832771969324,1.396496340105804,0.6947415526260382,78.7978726616197,48.0,109.453663682581,7.320850602944443,5.875,16.869833553123534,6.867872661619711,5.5,16.90891938120728,1.1837370426536802,1.0626671733851691,0.6602301874390686
Series074_B5,BXPC3,nellie,701.0,128.35666666666663,42.5,454.8184137164584,0.5562848875612082,0.550796044011272,0.1003060387221835,0.3615913956343772,0.3457742914979756,0.0913249102706985,19.55413399169661,15.1066274119568,19.2040088734898,9.742791317251909,7.4539330006752,9.70785645249586,2.204759802833087,1.9721971849861228,0.8784076974279225,1.1623754638329935,1.068124467935702,0.2503616299600589,11.82277872211154,3.4725770281681765,53.64640095822304,46.947382061143735,14.26316649442696,240.85084838820916,46.947382061143735,14.26316649442696,240.85084838820916,0.8293761536622611,0.8619170442027353,0.1269351233699651,74.68418647200133,35.41726188957803,196.46728884237015,3.80818753164959,2.3516736149051227,6.869989857960952,0.2838788520156111,0.2632859697604887,0.1177384719016997,34.88666666666666,20.0,49.28948997729863,1.4,1.0,1.6613247725836149,13.773333333333332,9.0,18.42069367737153,1.565464264578114,1.411711242149072,0.7087963177308536,84.23166446982634,50.5,114.38792059997796,7.504366682852872,5.916666666666667,16.716397474762033,7.054997803159677,5.5,16.76061905802834,1.2160117502770973,1.1055415967851332,0.653949536261626
Series077_B6,BXPC3,nellie,646.0,195.91666666666663,40.5,1469.0966826780175,0.5467665533633751,0.5401115401115402,0.0939513893299219,0.3564569712581447,0.3440972222222222,0.0884490841698759,19.597704150236986,14.684643695579824,32.49764000114394,9.749072338910707,7.279495645809682,14.54323393238498,2.1333509249046605,1.992227032144572,0.7703313473649289,1.1077003921022568,1.0611562715141472,0.1713252107694358,19.159379042586732,3.3119460404691665,156.00116630921016,90.01041335026045,13.477561724760694,809.5446470602419,90.01041335026045,13.477561724760694,809.5446470602419,0.8248818097869398,0.8648960707898308,0.1286736403396378,108.45303578200271,34.67462120245875,678.1038696896587,5.207550400306656,2.3302624843164352,24.92730741490866,0.2811248528506169,0.2579134395674,0.112209678398975,31.13,19.5,39.21079485719887,1.2666666666666666,1.0,0.9428090415820632,11.34,8.0,9.461381153580769,1.5651704092652623,1.445142549724499,0.5686653789767134,71.30176510269624,49.5,64.22742376243006,9.125611861533825,6.0,32.705930722564126,8.678431769362904,5.5,32.75052404583294,1.2128207914824036,1.1248582677159729,0.6036266166008732
Series015_M1,MCF7,nellie,190.0,188.2684210526316,45.0,508.1215732610616,0.6007701385942523,0.5964912280701754,0.0957079420692465,0.3944143559136561,0.3825344952795932,0.0923128959789893,22.6275888964442,14.344892569881088,26.939485083723987,10.642013184586949,7.36887402045676,10.134447603208177,2.175659375389308,1.9676673807446765,0.8744641547637584,1.3013670233519607,1.1174797603379012,0.3565099750183793,13.497467052693404,3.3937881243128984,39.56793667925594,77.35897724016701,12.861475884661008,323.2734157085719,77.35897724016701,12.861475884661008,323.2734157085719,0.814710749131143,0.861225983274863,0.1493017435630477,92.32630966365612,35.33147545195113,205.8132168899832,3.976346645134876,2.2127115682828977,6.697223759821106,0.3246381331011165,0.3048023606408289,0.1396934620610419,44.98421052631579,18.5,72.10149836502701,1.736842105263158,1.0,2.509814530013972,17.873684210526317,9.0,27.547372443335785,1.609264865564605,1.4242399875856202,0.7410895463456795,109.33272494000646,50.0,169.87891044726032,8.044418324325777,5.833333333333333,21.46467960124526,7.509040729480134,5.0,21.52035393062727,1.1813042522032051,1.118033988749895,0.6412575077936967
Series017_M1,MCF7,nellie,1427.0,79.37333333333333,37.0,164.5932783830764,0.5301804454911246,0.5273520743595557,0.095195843509341,0.344665877425841,0.3326330532212885,0.0885205453116445,18.107377474173244,15.159962793748017,11.799048605674129,8.553144196124844,6.699573637660116,6.2460246765825165,2.377903421492683,2.201595485378072,0.9721380050527296,1.1132398863268362,1.0426098811110296,0.2297235801750435,7.010568743761363,2.805268156567492,17.787469622157126,29.193416686953583,14.364029639940538,68.93992120817663,29.193416686953583,14.364029639940538,68.93992120817663,0.8466456279641591,0.8908910388956665,0.1257867071796742,52.86136457729735,32.44974746830583,70.757179900922,3.081476676795304,2.22166595621755,2.7552866916115586,0.2491302652234336,0.2276245152688235,0.1072834714093522,31.64666666666667,20.0,42.45062020224859,1.393333333333333,1.0,1.5183177825767862,13.05,8.0,16.901306655601118,1.5172937549705374,1.3637735581520098,0.6022098123667498,78.11666666666666,48.0,103.80284062694152,5.968359497089621,5.881944444444445,0.4657270925582236,5.5,5.5,0.5671566509057852,1.2194305091958049,1.124858267715973,0.5862153137242411
Series021_M3,MCF7,nellie,1469.0,105.55,34.0,415.9108327915171,0.5158828322613949,0.5165750915750916,0.0853406848501281,0.3327710686145915,0.3218253968253968,0.0796804721865633,19.026410791666887,14.830554806632854,21.57193441289608,8.691825789201584,6.6987549231932935,8.714087703201269,2.3980254305632918,2.082115587826949,1.0532707159556018,1.07891507871334,1.0318625817210074,0.1877898063280413,9.467697503057082,2.804582529761406,41.12084608474078,51.709541370471776,13.74658496595575,282.6819112598046,51.709541370471776,13.74658496595575,282.6819112598046,0.842538058364744,0.8771141881249693,0.1316713273325293,64.03863453416402,30.27817459305202,183.9002150012104,3.475165215327852,2.136392555603793,6.720581270431588,0.2409584952674555,0.2173865687683225,0.1021299113952637,29.28333333333333,19.0,36.98751666290789,1.2333333333333334,1.0,1.1685698761972068,11.243333333333334,8.0,13.03805157563387,1.4706789071964388,1.3527045190475793,0.5350723456521597,69.16150160097203,47.0,80.39445494800545,8.324203641762525,5.875,21.00810634062037,7.89650160097203,5.5,21.05855612066774,1.1720292051315642,1.039819633823845,0.6508042854174312
Series024_M4,MCF7,nellie,1451.0,67.54333333333334,34.0,180.58455486435037,0.5209486272267189,0.5156402737047898,0.0836660835366817,0.330718575452758,0.3314730845250552,0.0735242206443349,17.212315617573342,14.659756548816471,13.296073106485832,7.684328667138477,6.502308633470004,5.967992110213833,2.460112643853516,2.2424923713376783,1.0340987896382543,1.0683510453291758,1.0335848834356565,0.1305875411010447,5.916614805761296,2.642501387531001,19.715445436229363,29.565585560748435,13.431779874371816,108.24519118506365,29.565585560748435,13.431779874371816,108.24519118506365,0.8526632348480236,0.8950652074652182,0.1291706568830437,47.348328504985176,30.17462120245875,84.69947196369533,2.840802051542969,2.131915157545195,3.307053359246938,0.235512942038602,0.2129755795489936,0.0978875878807895,27.18,18.0,40.98366666531111,1.2266666666666666,1.0,1.5017619281660088,11.136666666666668,8.0,16.79319273462382,1.4100931577565416,1.294043480245442,0.5330668956783046,66.72335016782993,46.0,101.409712693105,6.456215177052351,5.875,8.717958804966957,5.983350167829933,5.5,8.749179402630586,1.1865709888974405,1.046778417751165,0.5900198003997279
Series026_M5,MCF7,nellie,1441.0,90.91,36.0,245.1545401714328,0.5138038401894126,0.5029411764705882,0.0984462424620189,0.3324212901206996,0.3235209235209235,0.0906498102169291,18.96217528581853,15.255999562659076,16.044546607258933,8.785564971453683,7.093068909351086,6.87320351305512,2.347767066159069,2.0965973225904047,0.960001761532669,1.107048380555471,1.033142977074661,0.2408689029402927,7.776692399969201,3.1444784115685733,21.531319785891235,38.561972962663205,14.546614756411373,132.44402869311787,38.561972962663205,14.546614756411373,132.44402869311787,0.843520660549528,0.8789229409185255,0.1291608539075469,58.485994445273874,31.69238815542512,104.37185078259958,3.3244987899288905,2.1840306330483923,3.877431491376888,0.2458364662994555,0.2169267097520475,0.1182819760414357,33.986666666666665,19.5,57.332362782482825,1.4566666666666668,1.0,1.98194909677878,13.77,8.0,22.530507465804373,1.509533126536042,1.3567119388879347,0.6243731026590003,83.10395535560627,48.0,138.9102488577427,6.44262694904393,5.875,8.381862954266614,5.983955355606285,5.5,8.416565715028185,1.2325366013936696,1.124858267715973,0.5797294111799389
Series038-M6,MCF7,nellie,373.0,258.67333333333335,44.0,1112.8588709365722,0.6066852624435694,0.6044089147286822,0.1115412871398815,0.3957554719063108,0.3876116938616938,0.1009792556779811,22.99170728084536,14.117272784209709,33.86266706446431,10.883743102198244,6.722633143064326,16.060888428857037,2.251531011407526,2.100346048333582,0.7620421331354649,1.2615346049005722,1.1561242082893828,0.2910549860615677,23.52550006492761,2.8246122742003057,135.0183303355235,104.70617652542708,12.45609203406565,537.9757860638383,104.70617652542708,12.45609203406565,537.9757860638383,0.8474298865160496,0.8793843386071342,0.1145285448973026,119.35345507875196,34.10660171779821,418.7242561100985,4.8105134840314765,2.0795411296306634,12.554215493973071,0.3093333486295493,0.287439909043906,0.1199237066525465,37.67666666666667,17.0,57.21280849211613,1.403333333333333,1.0,1.8440866453492788,13.743333333333334,7.0,19.732142700567405,1.458854424543061,1.2583523624755282,0.7081352902342135,86.82368923932844,45.0,122.24753210865332,10.796599917140863,5.869230769230769,33.0574257772827,10.35535590599512,5.0,33.124053050774805,1.134911072678053,1.0143202993825091,0.6537214890087467
Series040_M7,MCF7,nellie,1348.0,99.56333333333332,38.0,254.82480123061455,0.5203275644904415,0.5213850837138508,0.0938754261811562,0.3325658226659543,0.3241854636591479,0.0848806144777761,19.56274835683249,15.504163586082315,14.09408393307702,9.1348970880534,7.053403482866816,7.664493293493152,2.404216234252367,2.143212904034629,1.0341968877200245,1.102327012703299,1.0382285431187273,0.1869010299308568,8.886925140957999,3.109544132717341,27.906359160997997,36.33402032408576,15.023697243381788,86.66126116144643,36.33402032408576,15.023697243381788,86.66126116144643,0.8511517015613276,0.8844741338311517,0.1217908843046213,67.36603917460086,32.4675144212722,139.54606282173702,3.8471161019938807,2.2513231695628697,6.2465319390753375,0.2450584527869776,0.2276741318303421,0.1064302213926537,37.82333333333333,20.0,57.977168973848855,1.6,1.0,2.0264912204760885,15.463333333333331,9.0,23.696877196982918,1.599094780807815,1.3881452051592285,0.7704566736537913,93.09049741044628,50.5,144.08513130231017,6.371633215487804,5.964241293532338,6.768464671527368,5.888830743779614,5.5,6.801221189319377,1.2318948259006108,1.1116198733618068,0.5733779876698513
Series042_M8,MCF7,nellie,511.0,335.8333333333333,39.0,2102.0415993874994,0.6003148187182393,0.6033573806881243,0.1068580959471403,0.3932265363599187,0.3819232238349885,0.1006050823698878,23.026984674610105,13.499642850017374,46.98911730828336,11.607930498414897,6.703784089499267,26.65824671426129,2.199413206151577,2.017727257874521,0.881499994235781,1.2090037440968946,1.1208133133266325,0.2511157777745861,52.83788552090334,2.808795276834101,433.1578039872739,171.13869803852143,11.390035274429623,1287.7193516563818,171.13869803852143,11.390035274429623,1287.7193516563818,0.8286771461837914,0.8685465220171831,0.1319611598373051,152.873123651249,31.69238815542512,831.0847559998199,6.022366952250389,2.0587364723170776,26.194717129636725,0.3140700736071325,0.2915504715547994,0.1220369936104421,36.083333333333336,17.0,69.06477434666355,1.2933333333333332,1.0,1.9512275338588496,12.8,7.0,22.62093425715805,1.4437486622560165,1.272564831560436,0.7110427173179336,81.88852276021505,43.5,140.94443425589404,12.321226637678524,5.833333333333333,46.85190233963076,11.935189426881731,5.0,46.90669775460734,1.048679102848519,0.927024810886958,0.5502796068318891
Series005-_H20,HELA,mitometer,54.0,193.7962962962963,120.5,211.9116150164384,0.9158389748155176,0.945945945945946,0.0703433025419946,0.7018853685400865,0.7322954822954824,0.1164033887806796,18.98492082007972,14.40944623261089,12.087002760565474,11.824718528242524,10.40606949187493,6.51734726940861,1.6198719514896058,1.3152474559913288,0.655808269790138,2.3440964302392766,2.232637122200515,0.6671789637229861,11.393736481389366,6.768021475330986,17.880533160116872,31.65767839241336,12.977093108726958,42.13257456483636,31.65767839241336,12.977093108726958,42.13257456483636,0.6407490886950868,0.6494442225219799,0.2283404391011765,51.4640598785286,41.79898987322333,35.99540683690043,1.2247408557025028,0.9985291998701132,0.4501625529282113,0.67640358209393,0.7390661889545951,0.2323897031018315,11.407407407407408,6.0,14.640783371217132,0.0555555555555555,0.0,0.2290614236454255,5.333333333333333,2.0,7.416198487095664,0.4829069760967738,0.4677191139394332,0.2855586915060006,34.19785030276055,16.679236259778605,42.86745873439653,8.009974620566393,6.596394494193404,3.460827709060438,7.910813265723514,6.5,3.52353180904053,0.7006804053053322,0.5,0.7192132623664484
Series011-_H17,HELA,mitometer,36.0,198.63888888888889,120.0,196.5290694892768,0.9279017334852327,0.9442006126274404,0.0651259380941203,0.7090144468815445,0.7288461538461538,0.1166418111948622,19.53530332207721,14.269331950651791,13.56321018322862,11.495476037273528,10.453465821943157,5.480239152299021,1.642547706154894,1.380826798638855,0.7352651262569869,2.3701360485813847,2.2980467917805427,0.7433287376261487,10.136186905620066,6.830325106832496,10.838373238025993,35.34929664749985,12.726573032056915,52.450912724528685,35.34929664749985,12.726573032056915,52.450912724528685,0.6694378678151915,0.689453459508343,0.2018964885074549,51.5646424249189,39.50609665440988,34.789944733289566,1.1985222540467015,1.0626214439083694,0.4554422558814272,0.6707767076443909,0.6829363598023198,0.2105947555099204,11.305555555555555,6.0,12.480694969174602,0.0555555555555555,0.0,0.3286710990610897,4.972222222222222,2.5,5.535170935386785,0.4823058227405254,0.4683226705364781,0.229697625290831,31.93704408233671,16.218417221133265,32.944732945391,7.360598083709338,6.354166666666666,2.717561201325588,7.131488526781153,6.0,2.830857046780149,0.7377495962188746,0.5,0.8424210692261879
Series016_H18,HELA,mitometer,67.0,99.44776119402984,64.0,104.7739975122131,0.927847662554506,0.94,0.0704754727705117,0.7219623320193674,0.7283950617283951,0.0999030783078063,13.94877632572935,11.147959582827694,8.766353070138013,8.280510555557006,7.278668618932542,3.0541490128073776,1.6247577838156932,1.4335245508397363,0.5033255727281971,1.8902279006359088,1.781592815248945,0.4371147316519761,4.868417578320204,3.3111885540145853,4.105805328603701,16.963581695971605,7.767312678772488,29.64989432088309,16.963581695971605,7.767312678772488,29.64989432088309,0.712461282984267,0.7165055839240638,0.1567352165769385,35.62197559833792,28.14213562373095,22.12238654279369,1.1117959840453244,1.0194544470462927,0.3793460283411381,0.6510666153513863,0.6763136892889179,0.1808033709348112,7.8059701492537314,6.0,8.067326409789926,0.0895522388059701,0.0,0.3337414891790731,3.4776119402985075,2.0,3.3606955967754333,0.4809489482083688,0.468618797972288,0.2201779400802425,21.956502927930423,15.0,20.101160795912048,6.983651277093697,6.25,2.17024165062611,6.859488002557288,6.0,2.2274455089128185,0.5420700958039657,0.4898979485566356,0.6205229177178324
Series027_H17,HELA,mitometer,18.0,183.55555555555557,126.5,142.76523939757504,0.9235238094869512,0.9472203654188948,0.0554809015885563,0.7083549934774878,0.7480330578512397,0.1010005994594624,22.15649024771785,14.877324439507902,20.37018856160413,11.112844599484935,11.043513710678216,2.501987413622799,2.0141565024830723,1.4930534322221711,1.9893525130066083,2.480112554203407,2.4351339100790117,0.5509365418308574,8.109703506889277,7.622487746440256,3.8731776049140856,56.61591513328276,13.893929871787464,138.49726724691476,56.61591513328276,13.893929871787464,138.49726724691476,0.6724634286246077,0.7387940751575127,0.223383201729023,54.087315586472414,41.38477631085024,37.21664744083592,1.3127310168890274,1.0372079517315402,0.8186344566180842,0.6559377688428911,0.6714291546406153,0.2344112804575835,12.27777777777778,5.5,18.32971344734359,0.0,0.0,0.0,4.888888888888889,3.0,4.782942944451308,0.4185405414769296,0.3710311934217629,0.2320681374111668,34.187435646870554,17.930621433058338,33.87415058754178,8.653573213008123,6.666666666666666,3.288438292110254,8.409657869092777,6.5,3.422124063447024,0.7475645676164582,0.0,1.136724707229492
Series050-_H16,HELA,mitometer,131.0,250.91603053435117,153.0,284.2913524921231,0.8690742888236134,0.9047619047619048,0.1046139297326028,0.6245312368470797,0.674074074074074,0.1413420995538802,25.85848236985126,19.87894114385021,22.547776377966304,12.095591973864035,10.796011236270155,5.930260840307682,2.0569700837473586,1.7192461787428388,1.3155489215511644,2.315522345699075,2.226412519224815,0.659095343865112,11.341958677018177,7.284616163354465,10.666452233901284,73.56645812891773,24.698268812541283,176.11441548942403,73.56645812891773,24.698268812541283,176.11441548942403,0.7822464178626837,0.8134389750667086,0.1499696505194258,66.67406558780658,49.45584412271571,53.55601662687095,1.5709000602104093,1.275537459712215,0.8621693352917855,0.5285532774357162,0.5303327631559193,0.204046288890589,20.480916030534356,13.0,22.221766079916023,0.2671755725190839,0.0,0.5501481754725878,9.259541984732824,5.0,9.657957828057784,0.6872114420909363,0.6811567845033286,0.2575401129773387,56.6186766080457,32.0,58.02014356928581,6.632656833923529,6.0,1.9431850383582832,6.347684241633493,6.0,1.9921107939864868,1.0818952308507706,0.8569568250501305,1.010405947078603
Series056_H15,HELA,mitometer,39.0,137.76923076923077,103.0,107.56499800978096,0.918270749369088,0.9431818181818182,0.0749706422141169,0.698165089678532,0.7424242424242424,0.1221293405834372,16.704316979657527,14.243792340740356,9.210311650871276,10.102832223884844,9.484220617267756,3.691117643121127,1.706700289703425,1.3961148155507928,0.8980243767213637,2.176436984805748,2.050236772723853,0.5695791744926196,7.230723024957877,5.621902544812924,4.986879715325138,22.741502903940614,12.68035126538335,27.726547458397384,22.741502903940614,12.68035126538335,27.726547458397384,0.6781509577552617,0.697819689975313,0.1867742256961649,43.3278980013764,38.14213562373095,22.074815316954293,1.2009018837849563,1.0271983362792705,0.5143300666679671,0.665935169140856,0.7116896124914724,0.2210322372694316,8.615384615384615,6.0,8.885642076320725,0.0769230769230769,0.0,0.2664693550105965,4.307692307692308,2.0,4.863015030552211,0.4376847955498165,0.3726477625316656,0.2224980523732987,26.9529803849169,17.0,26.57565899828126,7.553891316090987,6.0,3.26264557010488,7.414518846455359,6.0,3.322012098149584,0.5909815993710171,0.4330127018922193,0.7575549641963353
Series061_H14,HELA,mitometer,25.0,369.68,245.0,409.780596905222,0.862861061943936,0.9023066485753052,0.0983343989603856,0.5988439946198543,0.6354166666666666,0.1380020929585066,30.162369864547955,22.526352939425536,22.22044955036534,14.8509574219402,12.7885702020724,9.19467916626176,2.0462856411715804,1.843850707339443,0.8821401862252805,2.689784063555912,2.6020752611489293,0.9387351386735592,19.06831633242305,10.221720488333384,26.23978079735265,87.71980837913262,31.71478604697284,129.9545099077915,87.71980837913262,31.71478604697284,129.9545099077915,0.7567416809186082,0.8401570034426612,0.2033998612783031,80.62851798513827,63.698484809834994,60.90652586873286,1.6163299156677209,1.3511797019891638,0.732270560284187,0.5360244250298356,0.4980498452709951,0.243227620476898,23.72,12.0,25.116560274050265,0.32,0.0,0.6144916598294886,11.8,7.0,11.260550608207398,0.6350670410727611,0.6075029525656949,0.3183644558514794,70.02668809024918,41.0,67.38720900631414,6.176935636820248,5.666666666666667,1.4579329548118647,5.866688090249171,5.5,1.541088382098434,0.9027205661197208,0.8483650059915269,0.5928623589557397
Series066_H13,HELA,mitometer,167.0,146.4191616766467,86.0,165.1871857603276,0.8710235718431061,0.9080675422138836,0.1068405715479221,0.6403190282165033,0.6666666666666666,0.1415231105410463,18.50463634294345,14.079560977418517,12.63813177848624,9.672985452861372,7.796136102835818,5.406758472295309,1.90851432427643,1.7490742541375692,0.7587547570828023,1.9385319138780988,1.820177851432544,0.5356452872323276,7.674980296812804,3.7987336333712536,9.59848530843099,31.38399631468545,12.389627332302886,50.52752174681967,31.38399631468545,12.389627332302886,50.52752174681967,0.7724850715544763,0.8204411286560475,0.1535644271207077,48.8614485016862,35.798989873223334,37.56352577275612,1.4405766129174418,1.2354837374266934,0.7001334590266353,0.5434324451305138,0.5388598604799396,0.202083792653529,14.784431137724551,10.0,15.690921804393945,0.2514970059880239,0.0,0.521611538691798,6.874251497005988,4.0,7.39977313191527,0.6654371724728547,0.6357092304898185,0.2960377404530676,41.46062996181024,27.0,43.01463934752107,6.34413679734108,6.0,1.299480908624666,6.077396428876106,6.0,1.3436121694047487,0.9385843956966616,0.77138921583987,0.963242857023508
Series073_H12,HELA,mitometer,111.0,202.04504504504504,114.0,240.1437027509652,0.9010585027850764,0.9333333333333332,0.0859201123959773,0.6771432636972291,0.7222222222222222,0.1338575991688144,19.822544655843807,14.968988174662478,14.212892006284871,11.42528194983838,9.617568475856864,6.267350997428988,1.7150388755613355,1.497507466086951,0.726732523696099,2.303550390142314,2.111376318844647,0.8287909452374479,10.613547259892302,5.781101461737231,12.526595465853738,37.18372348845241,14.00441293582407,62.9340973707836,37.18372348845241,14.00441293582407,62.9340973707836,0.7231993563456102,0.7443620145016734,0.1583339193694211,53.69103873278596,40.42031021678297,42.857448247955766,1.3056707720167653,1.054943020689471,0.6081507330223915,0.6190342131345982,0.6419544117213495,0.1960414540629851,14.09009009009009,7.0,18.21569937157197,0.1711711711711711,0.0,0.4625404559637273,6.666666666666667,3.0,8.455856047822804,0.5747093965658139,0.4956042359274542,0.2756860334532858,40.73651869377161,21.0,49.89039936910251,6.946956064166059,6.0,2.5527176053774023,6.736518693771595,6.0,2.6226825252506663,0.8474796460284476,0.5,0.9744031843366258
Series080_H11,HELA,mitometer,83.0,298.5301204819277,129.0,342.10532927984656,0.8979102027805007,0.9320695102685624,0.1003580780348574,0.6701069883801085,0.7125,0.1404892812120098,25.41635536611194,18.14352122489919,19.704315727359543,13.463814654735486,11.559627795945806,8.969521274582887,1.9276276057591897,1.6848777808082702,1.2600254237042927,2.556535107770188,2.345673235797064,0.955428868562094,16.357913559516568,8.35156217380018,27.040879065718272,64.64069864874729,20.57421015239796,102.35160605507376,64.64069864874729,20.57421015239796,102.35160605507376,0.7362035055131148,0.8048230309176838,0.1948555059207568,68.44984001145264,45.21320343559643,58.69328363635631,1.457644670387466,1.11883486665773,0.8793249302686487,0.5830529845910724,0.5688616705800532,0.2259745916567437,18.698795180722893,9.0,22.932449225149785,0.1927710843373494,0.0,0.5902384922369104,8.012048192771084,4.0,9.521686060958984,0.5842563570123812,0.5279801308647245,0.2999364868318144,50.64474304950044,26.0,57.8278814565441,7.277985284912877,6.071428571428571,3.70195504480402,7.030285218175141,6.0,3.77516272754097,0.9628593754012764,0.7284313590846836,0.9574166560322054
Series086_H10,HELA,mitometer,40.0,181.45,109.5,199.62476675002029,0.9147428746769884,0.9458877465962768,0.0817764430156186,0.7021375748841093,0.7473082473082473,0.1163300626090905,19.485792917372017,15.41942432242691,15.557314492367947,10.848514950211388,9.22164454139017,5.303503159666012,1.7569944559673398,1.457597856650455,0.9818754230237868,2.304541499361412,2.1427011417663326,0.6613932145992548,9.11358889934671,5.314929951922704,11.50445344433645,38.85788498957171,14.884753908110923,87.59260646132364,38.85788498957171,14.884753908110923,87.59260646132364,0.7096665721679433,0.7275420290573249,0.1714623234751081,51.31558979633405,38.55634918610404,40.95077901267918,1.2829549189597962,1.047421529831095,0.7805255241135647,0.6396312345430737,0.6653346023047538,0.2038710662104738,13.025,6.0,19.08990243558096,0.175,0.0,0.5425633603552676,4.9,3.0,6.564297372910524,0.5102661489181577,0.4734272987463459,0.3061735123863295,33.198770021372624,18.9955032192131,42.547921703117765,7.789863771372628,6.816666666666666,2.681833519175599,7.573770021372627,6.040570493288255,2.7855842923859178,0.7949511136031306,0.5,0.8607665136753991
Series089_H9,HELA,mitometer,129.0,165.5581395348837,93.0,189.45261447502483,0.8942721548727889,0.9215686274509804,0.0845182078258547,0.6415549087068474,0.6597222222222222,0.1339515247415022,19.65337244064736,14.013804150840052,14.294898810833669,9.730600443615312,8.338262074828753,5.148273817337514,1.950497536218091,1.726472087787373,0.8039100472317031,2.052977505288358,1.936306930104979,0.6118843493742305,7.574331768223093,4.345413401782968,9.55558388617098,36.912448768923184,12.274169173631366,60.02996673307302,36.912448768923184,12.274169173631366,60.02996673307302,0.7627881080482297,0.815174213068655,0.1798020949884089,50.0670427664903,35.21320343559643,38.30799476297889,1.3531594154106454,1.1200650778388384,0.5992794611186706,0.5615598325459162,0.5583404423009322,0.2166247970856289,13.937984496124033,8.0,15.167668561158468,0.1085271317829457,0.0,0.3350415935654932,6.488372093023256,4.0,7.31687682670726,0.5924500252705097,0.5989954336715592,0.2743369577842723,39.93148904874219,24.0,42.8582619082804,6.680496725157233,6.25,1.71383047726611,6.454744862695681,6.0,1.785710564896909,0.8711781821582465,0.6871842709362768,0.8661162401036177
Series090_H8,HELA,mitometer,134.0,177.3507462686567,113.5,180.32471778080415,0.9205217945386172,0.9444444444444444,0.0820878723120197,0.7051347189810433,0.7340909090909091,0.1221905436129381,18.572311251193963,14.385623951991658,13.56670951585342,11.074177902832057,10.0204880118661,5.047224001093618,1.6018626012629935,1.422578420637579,0.6209388983730347,2.277958897749909,2.218054883663476,0.6863605450776161,9.256992896299325,6.275641088296323,8.862357934904244,33.06164701867335,12.93416470331685,62.24642702422712,33.06164701867335,12.93416470331685,62.24642702422712,0.6837899112521818,0.7112385006344153,0.177440738091739,49.31633307647334,39.50609665440987,35.49957305001009,1.2174284871817036,1.029009083936667,0.5877119253028303,0.6649032888469119,0.6984636735420449,0.1978346436771499,10.805970149253731,6.0,13.094648338294029,0.0970149253731343,0.0,0.3202005664615662,5.134328358208955,2.5,6.343160666061083,0.4752916997497693,0.478723775524583,0.2459647413635495,32.07246004268262,17.68772684813497,36.68414835124835,7.334874611356345,6.25,2.497934204450856,7.1508182516378485,6.0,2.597747385602849,0.6847831354330327,0.5,0.7703600972608184
Series093_H7,HELA,mitometer,62.0,123.24193548387096,69.0,129.81223232334474,0.8538123559159223,0.9004934210526316,0.1149963113619616,0.6143305514268609,0.6409722222222223,0.1519656956617177,18.019490234105454,15.21483503784373,12.8867233485373,8.771028985427305,7.828282197359496,4.238061482720663,2.008523286908332,1.6552126468629973,0.9529586520131365,1.8061881223519551,1.6581855291321743,0.4899240366832267,5.9307571621579,3.83012992640786,6.304396177706189,30.67310418492241,14.468463277868825,48.201501321193206,30.67310418492241,14.468463277868825,48.201501321193206,0.7741519277568724,0.7968534851314505,0.1606511341351046,47.35713700905209,35.384776310850235,36.53761233367714,1.5681200236330572,1.1269478893570382,0.8871082793113299,0.5352370291361588,0.5235756388385068,0.2225066703102001,15.080645161290322,8.5,16.569792167887705,0.3064516129032258,0.0,0.6114158522911246,7.451612903225806,5.0,8.13133607907097,0.6798715288854088,0.6190171661831223,0.3165018754994183,43.84356563273573,28.0,46.936620788000056,6.100801799047633,5.972222222222222,0.8272242444406824,5.746791439187346,5.5,0.9444097462513672,0.8347658913388714,0.7397298171393849,0.6488002709656366
Series095_H6,HELA,mitometer,130.0,131.7153846153846,76.5,139.74202796116217,0.8835537187224092,0.9153885480572596,0.0956300385161237,0.6278670042982855,0.650997150997151,0.1455623680224477,18.74215693605195,14.484882682504686,13.642186757350652,8.599376073454316,7.225601011139074,4.613998214859733,2.1880990242766867,1.8543646740601651,1.0900068895143114,1.8706908727615223,1.7259913307648895,0.5240340209231223,5.952390523714209,3.263155015622874,7.572091404658356,33.58610663362711,13.1135656472924,56.82188756632747,33.58610663362711,13.1135656472924,56.82188756632747,0.7938559854659427,0.8420915243597562,0.1665920494050984,45.79923240624315,33.55634918610404,32.57782975510909,1.4159230008168937,1.2183836020961205,0.6492039441917229,0.5170121020887726,0.5100958026176776,0.2174609816332111,13.930769230769233,10.0,13.257327994815933,0.0923076923076923,0.0,0.3384615384615385,6.423076923076923,4.0,5.841318850838376,0.6463759895656315,0.6557714111260908,0.2546946862843811,39.39602730490174,28.5,35.08964008827704,6.414170814019622,6.0,1.2784858536703088,6.172950381824828,6.0,1.3161249274305409,0.8903749129489822,0.6769254688014716,0.8605718061126073
Series099_H5,HELA,mitometer,120.0,180.475,105.0,208.6383618648945,0.8255298021146154,0.8610970996216898,0.1366383245036351,0.5929959677987038,0.6172839506172839,0.1570168281157899,23.190614825176407,17.14282347342072,18.59468695011318,10.53629888212163,8.589939624738827,6.260353032337581,2.142292331060389,1.8518303588650848,0.9955712659853856,1.9039249294344065,1.7969409508741632,0.4268141466284034,9.387850888930991,4.611775404698459,13.68353304691832,55.22293742140006,18.36762328081558,101.96410879611796,55.22293742140006,18.36762328081558,101.96410879611796,0.8069837989631649,0.841656302458607,0.1392692252353098,62.95859483846497,42.62741699796952,57.40470418998739,1.8682460933710747,1.3876381841333827,1.3016629937928812,0.4810163877116228,0.4727603423484781,0.2084852949844053,22.241666666666667,12.5,26.65864332423705,0.4333333333333333,0.0,0.771722460186015,9.766666666666667,6.0,11.55114231965345,0.7815740848002612,0.7326318507078426,0.3368699528356974,59.58859178472223,36.5,69.68274762639741,6.356632843481439,6.0,1.1535460368303467,6.105258451388898,6.0,1.264478901447573,0.9993251871021652,0.9948716593053936,0.7198308335500193
Series102-_H4,HELA,mitometer,112.0,313.04464285714283,158.5,391.8561003278603,0.844616710766478,0.8882428940568475,0.1200719606780881,0.5867721990591714,0.5922939068100359,0.1609046987924827,31.100378156232477,21.48489618783899,27.39718982209934,12.165449795436896,9.855113975786084,7.81963536105436,2.4624795607759373,2.104304949201348,1.3294389734989591,2.2610443206855604,2.103095331658892,0.7396118893877974,13.071554119071711,6.0702324211054535,20.373104528129133,107.36497072555036,28.85044902068073,216.9594499213798,107.36497072555036,28.85044902068073,216.9594499213798,0.830452005606959,0.8798626333415073,0.1425298320965154,79.56282688141455,53.18071785686863,71.15842560494839,1.8381625646839024,1.493370290537269,1.0588990119509614,0.4551192916163239,0.4086114312625691,0.221235064475052,27.982142857142858,16.5,31.68539043213346,0.3571428571428571,0.0,0.7659860924831149,11.258928571428571,6.0,13.281126199903197,0.7371786236334945,0.7266941937585142,0.3050645438804452,71.69046698092207,41.0,78.4903819190604,8.10062998065388,6.167832167832168,14.09610288611866,7.677074123779204,6.0,14.13099492748614,1.25173445506946,0.996038193484575,1.2583913798230455
Series103_H3,HELA,mitometer,135.0,147.31851851851852,92.0,142.5336166638828,0.8537593576330627,0.9,0.1264865844894069,0.6152744740331014,0.6302083333333334,0.1570840825188953,20.284465306702355,15.794374244112396,14.47460606088166,9.709379005592668,8.308896874200448,5.521178853205596,2.0528611501277148,1.8093530890029037,0.8392765040875871,1.897711588877172,1.8255337425928464,0.4499329225954188,7.7972160377080195,4.314860454131123,10.223766328244476,38.810859587282735,15.591391110192564,57.94331127741312,38.810859587282735,15.591391110192564,57.94331127741312,0.7856059510670914,0.8333910865960317,0.170985647256768,51.97532517690024,37.79898987322333,39.04680584141028,1.5649250387788478,1.2914662611498846,0.8501063672864746,0.5096075526532177,0.5088150799249992,0.2170283882684598,16.62962962962963,11.0,16.404037777888142,0.2296296296296296,0.0,0.500972990189953,7.8,5.0,8.017388509890145,0.7041953342718381,0.6831275736496966,0.2902839589125625,47.09389571915266,30.0,46.26177018002499,6.490790833658219,6.0,1.4816922777412842,6.242043867300812,6.0,1.586151048028083,0.9653674420303792,0.9079617082607724,0.742745528934968
Series107_H2,HELA,mitometer,36.0,375.75,188.0,441.6172535251664,0.8851152083865592,0.9156942330458312,0.0784598172669938,0.6415912516934803,0.6612517916865743,0.1198843684280882,30.73779989990149,22.99963931962764,23.532619855634564,13.769847238366822,11.684684409804255,7.661667023133178,2.1794139855327384,1.9330930392389911,1.1231447948003654,2.9378353379688966,2.431221628033284,1.50002816365187,15.5193646588328,8.535135419697987,19.45642894367298,93.66228374726188,33.06792997252579,156.15732032371153,93.66228374726188,33.06792997252579,156.15732032371153,0.8029964887020505,0.8558005645456825,0.15888492772092,78.14707587368686,58.698484809834994,59.002610004311,1.530341471421544,1.282942226332422,0.6796222111639121,0.5092983407988209,0.4665329560607694,0.2020458094423803,23.30555555555556,14.0,25.43053659201915,0.1666666666666666,0.0,0.4409585518440984,9.36111111111111,5.0,10.852938101366778,0.6320055188371569,0.6374879167973488,0.2962301537084538,60.51841890497409,31.0,66.73064147241723,7.238907492057517,6.645833333333334,1.9973686664781105,6.990641127196325,6.0,2.072874343104937,1.2703905889459874,1.2650056112921189,1.0317695965893514
Series109_H1,HELA,mitometer,102.0,178.23529411764707,120.5,182.7598432997597,0.9248229860033126,0.94360517946388,0.0700836580027066,0.6989531039049288,0.7279220779220779,0.1213541196436455,18.94242491528464,14.310006525534067,15.08242753426624,10.995371090752394,10.117058132523493,4.701407971298507,1.6499130470067778,1.4381380403815975,0.702205952005653,2.318173736437755,2.2158059028502413,0.6449990947775722,8.937588895996413,6.397182739944852,8.368690402639361,36.643442624849285,12.798523696340386,96.18024131086042,36.643442624849285,12.798523696340386,96.18024131086042,0.6938278893425618,0.7186699304451525,0.1765441752915733,49.121744019903936,39.38477631085024,35.092721304027336,1.19309571438801,1.0300913037907762,0.5283299830735105,0.6602764226794995,0.696095477862751,0.1947774492458761,10.509803921568627,6.0,13.56230726657252,0.0490196078431372,0.0,0.2159089759367181,4.754901960784314,3.0,5.591373387901878,0.4577330276083506,0.4290805794972461,0.234473275111486,30.327380897450155,16.512888264886058,34.51110965242276,7.2310963005725775,6.254086752852544,2.519785851862654,7.077380897450151,6.0,2.5826436517264,0.7774395414849573,0.5,0.8522942838060567
Series022-_B1,BXPC3,mitometer,99.0,255.16161616161617,188.0,218.4438862865561,0.8566325376792439,0.904,0.1108500858548861,0.6139234413397338,0.6291208791208791,0.1442807211466721,27.58910111368536,24.40085565816948,18.314513497287297,12.201853404215784,11.580267851190282,5.663721273594408,2.192534199346386,1.99429550442003,0.918750570612044,2.3209838067191213,2.29618923523052,0.5890392172793562,11.31018532268364,8.381412719081949,11.19068121799254,68.53624405646708,37.212609803176335,100.31588924604792,68.53624405646708,37.212609803176335,100.31588924604792,0.8212756150945736,0.8651980994720003,0.1406519632086977,70.1727203067281,62.87005768508881,45.95775002558954,1.646469477071199,1.4031727562208862,0.7749857218407253,0.4765399437617482,0.4461194244894355,0.1989408005033187,21.87878787878788,17.0,18.85686260271392,0.2626262626262626,0.0,0.5238910092884824,8.98989898989899,7.0,7.932155437760083,0.6951336436205917,0.7298145319508232,0.2688522286079076,57.016834753423645,43.0,47.83651120592019,6.770464021167706,6.3125,1.5615569461473928,6.324915561504451,6.0,1.63043213744102,1.32303351379501,1.114924013354971,1.167777336032254
Series025_B2,BXPC3,mitometer,18.0,188.5,95.5,193.18363457256584,0.9252541628928436,0.9536652509045148,0.0636150858250415,0.6920349214882675,0.7363945578231292,0.1383466158730348,19.68311212418043,15.981855762322802,13.778916720927748,10.69394755672606,10.301053709110144,4.46924794299066,1.886828796791144,1.4784588485553465,0.977880053720228,2.3510708074339366,2.205585313654006,0.7793634751509411,8.395918220120844,6.67285387223073,6.395744534856052,36.08021555595755,16.04156365347774,61.05893570686312,36.08021555595755,16.04156365347774,61.05893570686312,0.685645799231824,0.7365081175329606,0.2290844685871552,49.521889501491096,38.59188309203678,32.861340985000865,1.2028101958529749,1.1015755602243869,0.3985862844277565,0.6367914530635841,0.6698977630440821,0.2557204115528739,10.333333333333334,7.5,12.98289472943363,0.0,0.0,0.0,4.666666666666667,2.5,5.436502143433364,0.4229722879073305,0.3991025345148454,0.236885460637602,30.48227212256999,19.5,32.93245705102771,7.854031381829248,6.75,2.7480755842574203,7.648938789236654,6.4955097185701565,2.7260958884319333,0.8273028346631512,0.4363389981249825,1.1973974303371742
Series036_B3,BXPC3,mitometer,44.0,702.8181818181819,359.0,771.5931356240468,0.8064543366507497,0.8390660118205278,0.1490333847841161,0.551766637237166,0.5471714887678145,0.1801450707223235,49.5573574507717,32.133001298053465,42.65785490871464,18.98496599106837,14.59862643247493,12.41420483571061,2.436242312998373,2.114470554749911,1.164717010792514,2.901520641918657,2.790962745440154,0.9652788045964072,32.1588384615627,13.350871463057004,41.2043846904563,267.2265164322817,64.53520118019236,413.71328819625785,267.2265164322817,64.53520118019236,413.71328819625785,0.8319657012176723,0.881095280941947,0.1392123098803288,132.23578061130803,79.47665940288701,115.835709275325,2.177486837947782,1.6933224501207855,1.3178884241219837,0.4327533429868369,0.3857474083407483,0.2202329890818037,43.61363636363637,22.5,44.26737764020471,0.4545454545454545,0.0,0.8381404052084442,14.090909090909092,7.0,16.278566753163197,0.7401963801301263,0.7084149784533826,0.3092113846092305,97.89481205295088,65.0,90.58229128579296,20.19395836045133,6.13932990319175,39.530728792095445,19.8039029620418,6.0,39.66649334629168,1.0912807394599306,0.996619028373004,0.8800010794182861
Series074_B5,BXPC3,mitometer,39.0,163.12820512820514,90.0,169.00207546702805,0.915357279800942,0.9423076923076924,0.0751922043746689,0.7001300376249543,0.7333333333333333,0.1215160483445698,16.454537386201327,14.116681906112497,9.796178470760204,10.72728896979075,8.154926272206005,6.033907960756861,1.558475807805901,1.3879715558312686,0.4629026716956161,2.1979331720398383,1.892418931740285,0.8271297952294585,9.46767337001746,4.156426406569732,10.578166619851888,22.919807076555184,12.455044252397748,26.35515583195376,22.919807076555184,12.455044252397748,26.35515583195376,0.6919106334239504,0.6934800181068139,0.159708320333403,45.605862627878096,33.79898987322333,31.370320195853235,1.193149550851148,1.0331762261917048,0.4928598621616071,0.6636356530092969,0.695120701277566,0.1774659020443935,10.435897435897436,5.0,11.95889299352186,0.2564102564102564,0.0,0.5869499047312614,4.846153846153846,2.0,5.181517753780413,0.52446524423002,0.4884599709759608,0.3002087722101426,29.952896628972105,16.0,29.43595749492213,7.338758001068297,6.0,2.737443869606549,7.170845346920826,6.0,2.831792481407576,0.6774115961478874,0.5,0.7346453779930762
Series077_B6,BXPC3,mitometer,43.0,229.90697674418604,113.0,267.4594352162749,0.8675753159524131,0.8947368421052632,0.1042751689137271,0.6302539714000482,0.6826826826826827,0.1497749805883034,23.06814798739957,15.827267581362364,17.931042587007404,11.522763820772973,9.30662416489939,6.56334978542801,1.919719634576784,1.739221495793039,0.7266604123573968,2.197482156247466,2.055375486255264,0.6757089685869087,10.990727904699533,5.413328334168079,13.04084530860226,53.353858739102485,15.656399943252756,86.31797019931761,53.353858739102485,15.656399943252756,86.31797019931761,0.7578192446998379,0.8181745659603742,0.1832669925875478,63.95292958883394,44.04163056034261,55.52884589370336,1.5882547264157465,1.1675026252222147,0.8969932927380236,0.5559859030991103,0.5518753415335743,0.2318034263673155,20.186046511627907,9.0,24.27771091269989,0.4883720930232558,0.0,0.8175998061045091,9.348837209302326,4.0,11.274345690147213,0.6805500214546408,0.6221743467370211,0.3586211456262442,55.87459309926681,25.0,65.86486488891519,6.30982959098795,5.75,1.4635277578547454,6.049011703917981,5.5,1.5981940733411213,0.8586989465383944,0.82915619758885,0.6324257885925142
Series015_M1,MCF7,mitometer,9.0,457.22222222222223,373.0,319.98776982801417,0.8682977228611352,0.8610662358642972,0.0966896874870907,0.5914445038217544,0.6126436781609196,0.1949958439409448,38.21456278010299,31.533572786959837,26.889678214218907,16.44505657060157,16.303295411037833,4.715930192457526,2.2028056119754296,1.319987898080802,1.3696090375495764,3.025538350405754,3.05938707991982,0.662945172053145,18.292492699401148,16.61234007872295,9.492211336530064,136.46297518366697,62.14788829440586,156.79169665654032,136.46297518366697,62.14788829440586,156.79169665654032,0.627551573403197,0.6527391882171473,0.3151812337193903,95.96887920384935,91.74011537017762,56.13322637745676,1.677006368490983,1.640129628953434,0.7724587449302612,0.6073826046770727,0.6824816336970858,0.3337433531001942,26.55555555555556,24.0,23.75388207388946,0.2222222222222222,0.0,0.415739709641549,14.444444444444445,14.0,12.876430760727231,0.5401544423017525,0.641513854154432,0.3166930527027932,84.6536950541469,76.0,72.91001507208723,6.830686376752239,5.9393939393939394,2.437338616483001,6.375917276369104,5.0,2.612886168299038,0.8661727750734899,0.4948716593053934,1.0050816500647128
Series017_M1,MCF7,mitometer,108.0,206.38888888888889,130.5,212.9906898214504,0.8704059794863467,0.905981711963424,0.1146457981894229,0.6330744138464681,0.6715080971659919,0.1514190195269268,23.12251730223343,18.103650414753663,17.282529613715834,11.118514657307548,9.197165236605194,5.6398072649632045,1.9613374421792624,1.7874234942008922,0.7538233453417622,2.1357004784528435,2.090919979357699,0.5398382359498288,9.714299635668407,5.288187257712121,10.328512166676427,52.08353976506557,20.49107348745765,83.54093582809445,52.08353976506557,20.49107348745765,83.54093582809445,0.7713347129573078,0.8288448195233766,0.1799737955170895,61.476535154756505,47.57716446627535,49.87871639821624,1.570781124249601,1.230159217161665,0.9453314843149212,0.5403570550104827,0.5457920329463413,0.2209099097014588,18.61111111111111,11.0,20.837481068592496,0.2962962962962963,0.0,0.6420346601244339,8.481481481481481,5.0,9.505828116244423,0.6508105034658648,0.6116792744701025,0.285234689995582,51.53809817504921,31.0,56.05677779084445,6.538186599908407,6.082983193277311,1.3600889184459677,6.255690767641803,6.0,1.4558539042573824,0.9108033882825964,0.7483314773547882,0.7851020890242032
Series021_M3,MCF7,mitometer,93.0,214.11827956989248,121.0,252.14404696233757,0.877305447489813,0.9215686274509804,0.106987081247538,0.6602772322232876,0.6909090909090909,0.1463801990596069,22.622170948081305,16.45864152858602,17.993698498288992,11.30566775499545,9.098767376331024,6.152057380512876,1.9042533641266823,1.631675839588555,0.7961970838940605,2.190852211218063,2.049572416884016,0.6470983230889201,10.354120837466676,5.174222985536609,12.214368645951843,52.22098775322135,16.930430060406024,94.83982555035176,52.22098775322135,16.930430060406024,94.83982555035176,0.7524582154687485,0.790186211112412,0.1854572533156232,59.69643202640478,42.04163056034261,49.939331387905895,1.482326401467679,1.1691914736444051,0.8313895027330809,0.5632785513171932,0.6074858047342337,0.2259373404766633,17.70967741935484,10.0,21.889055862750418,0.2473118279569892,0.0,0.5614097841809296,7.838709677419355,4.0,9.490561607480888,0.6159120649997039,0.6191208308481664,0.2917709837956988,48.35110573656869,24.0,57.31055692427537,6.708558030470191,6.217391304347826,1.581299731488828,6.437127241945033,6.0,1.6363679375436426,0.9751787188885228,0.7820295697311479,0.9128526544918476
Series024_M4,MCF7,mitometer,159.0,119.52201257861635,71.0,129.47746150376508,0.7141406035280422,0.7142857142857143,0.1121043789699271,0.4805437924216947,0.4685314685314685,0.1296909586011213,19.70892312915297,14.638979169227404,14.04909547701372,8.864715385051708,7.458341555730472,4.476629974782485,2.1914047436248687,1.9076437939116009,0.927768256899811,1.4405258720541638,1.3946034070146704,0.2936665385510632,6.163962174318343,3.476678672621002,6.932394168508717,36.61367091456927,13.393731944817112,60.67397513495309,36.61367091456927,13.393731944817112,60.67397513495309,0.8182595534484194,0.8515909509305937,0.1391329557950208,62.43258434069631,40.79898987322333,55.78373377555236,2.731088149508544,2.013261169654051,2.0850562465575373,0.4194737225094943,0.3922160229684439,0.1848340233192162,35.83647798742138,22.0,37.32516884228203,1.5534591194968554,1.0,1.3902074355065106,14.547169811320757,10.0,14.53544707086027,1.5956580269676917,1.483289227438711,0.6271410856700006,87.5885832210129,56.0,89.46155745952396,5.986821591505155,5.904761904761905,0.5624012750295145,5.387325359377685,5.0,0.6752450103405472,1.4045447860121314,1.2649110640673518,0.8172788234503382
Series026_M5,MCF7,mitometer,98.0,224.08163265306123,103.5,250.8055053211059,0.8861936365241102,0.9222761596548004,0.1048312169387684,0.6470106666655643,0.6666666666666666,0.1611243080103241,24.349070660624044,16.801564926363973,21.602698673260026,10.954615427649856,9.0308771068613,5.645627070979984,2.050361526331351,1.7425746524284995,1.0917544538270525,2.1926272975613297,2.0476317757117206,0.6212473396714095,9.49229401201789,5.097653706376602,10.337414436173605,66.22211450023329,17.664575500763313,126.89075754589064,66.22211450023329,17.664575500763313,126.89075754589064,0.7655914631977843,0.8186938528864711,0.1690834844769183,61.89018681559421,37.67766952966369,53.61319029342701,1.4938319660659878,1.1707653311761534,0.8692778780141902,0.5552601795594712,0.5417339624161567,0.2274051697458287,18.612244897959183,10.5,22.25163724912294,0.2551020408163265,0.0,0.5589937112164219,8.39795918367347,4.0,10.572142636036526,0.6110464834893318,0.5881036700552553,0.2795149930450932,51.6282711783264,28.0,61.745780836981055,6.876756927835227,6.206131522624949,1.7662534923515496,6.567046688530483,6.0,1.8683341771418704,0.950770495865691,0.9714045207910316,0.9310714639788628
Series038-M6,MCF7,mitometer,25.0,182.72,136.0,150.13954042822962,0.913680401848793,0.9318181818181818,0.0539793546721837,0.703032942547711,0.7142857142857143,0.0909270048191429,19.023020764668573,17.894520524553222,10.979501723820166,11.064741422438647,9.548008375483793,5.095163931684147,1.6722379396784457,1.4632767303663858,0.627053333283715,2.329237869711489,2.2402631767082197,0.7586212499962727,9.274324889760294,5.697778996144292,8.99652380585723,30.15154856977385,20.013366550228533,30.85437643946784,30.15154856977385,20.013366550228533,30.85437643946784,0.6945215622005884,0.7300462579835423,0.1911149228660517,49.34055408295937,44.38477631085023,27.169409324040345,1.1960641327881396,1.1814385229090385,0.3509429049077351,0.6447537088688962,0.6673288482963836,0.2062464282752015,10.68,9.0,8.49809390392928,0.08,0.0,0.2712931993250107,4.76,4.0,3.5358733008975305,0.4893657854338087,0.5105621356381836,0.1749280630503276,29.88786584255814,25.864048713949305,21.09134693361298,7.0142323649246645,6.0,3.935026210256271,6.767865842558142,6.0,4.013157364708517,0.7256514528737676,0.7637626158259734,0.7507027039598112
Series040_M7,MCF7,mitometer,100.0,503.21,265.5,596.3286559440188,0.8479918604468273,0.9007936507936508,0.1279320256183398,0.5989295859840095,0.6295386904761905,0.1555486424333791,37.3918107424813,26.04048810763354,33.178818187847384,17.2485786969202,13.888946683622938,11.121623635086364,2.063392423824131,1.7478734226941208,0.9210832202467067,2.811671055177049,2.6839918064222417,0.8820379292855903,26.32524870902257,12.05809396908402,39.01531265603303,156.18634293398586,42.38474391287293,326.0980300767982,156.18634293398586,42.38474391287293,326.0980300767982,0.7844986117857321,0.8201671858534465,0.1612459050105623,102.75144437925502,71.23401871576773,94.68399836124648,1.841399562356692,1.3523346231600284,1.1790590309623556,0.5073665325041535,0.4762532969538186,0.2206345780302523,32.49,19.5,37.98512735268898,0.38,0.0,0.7453858061433689,13.04,7.5,14.65600218340595,0.7018126455981613,0.6950959231179807,0.2909276846347566,83.2129975609201,53.0,87.36153160118147,10.606687879573414,6.113247863247863,24.669110204028293,10.307997560920104,6.0,24.72544950171763,1.1679262108149429,1.030938436209866,0.8563690761757626
Series042_M8,MCF7,mitometer,29.0,242.1034482758621,137.0,284.01497590766854,0.9236480328328596,0.95,0.0723133943311509,0.7043226340141294,0.76,0.1161705066984525,21.23682824131781,15.57266985750836,14.566019069719554,12.678739528190006,10.524028634503203,6.355887866044302,1.5744424896380982,1.5557389316876171,0.4519075466728334,2.5299262392443778,2.380268675302322,0.6909778855570773,12.57173416183856,6.922198668740213,15.874592723193109,41.44823658066671,15.15675290568434,59.84165292328015,41.44823658066671,15.15675290568434,59.84165292328015,0.6838707845962622,0.7660496798042796,0.1959666252569683,58.52197463650334,42.38477631085023,44.8799828781815,1.2530797305553525,1.037599420806383,0.4979602573672302,0.6594123034436653,0.643967200116195,0.1940250095818336,14.10344827586207,7.0,18.784338354590467,0.2413793103448276,0.0,0.6245093198715459,7.379310344827586,3.0,9.571559139030692,0.4834195819902599,0.4592480119696152,0.3342209985403324,44.06570609734102,19.0,54.033915224704586,7.34703829849712,6.4,2.5563628852638924,7.117430235272061,6.0,2.6796578603094394,0.6956921511758429,0.5,0.7246925959614944
